cantNod,Res,Tiempo,Tipo
462,461,5.07065,GrafoMaloEmiHeurNipo
462,459,1034.1,GrafoMaloEmiHeurEmi
462,461,3.83531,GrafoMaloEmiHeurNipo
462,459,1027.61,GrafoMaloEmiHeurEmi
462,461,3.80264,GrafoMaloEmiHeurNipo
462,459,1026.86,GrafoMaloEmiHeurEmi
462,461,3.80337,GrafoMaloEmiHeurNipo
462,459,1033.66,GrafoMaloEmiHeurEmi
462,461,3.8036,GrafoMaloEmiHeurNipo
462,459,1029.47,GrafoMaloEmiHeurEmi
462,461,3.83732,GrafoMaloEmiHeurNipo
462,459,1033.37,GrafoMaloEmiHeurEmi
462,461,3.8806,GrafoMaloEmiHeurNipo
462,459,1059.06,GrafoMaloEmiHeurEmi
462,461,3.8155,GrafoMaloEmiHeurNipo
462,459,1028.14,GrafoMaloEmiHeurEmi
462,461,3.80111,GrafoMaloEmiHeurNipo
462,459,1078.1,GrafoMaloEmiHeurEmi
462,461,3.80986,GrafoMaloEmiHeurNipo
462,459,1029.02,GrafoMaloEmiHeurEmi
462,461,3.8172,GrafoMaloEmiHeurNipo
462,459,1027.47,GrafoMaloEmiHeurEmi
462,461,3.79737,GrafoMaloEmiHeurNipo
462,459,1025.19,GrafoMaloEmiHeurEmi
462,461,3.80717,GrafoMaloEmiHeurNipo
462,459,1025.51,GrafoMaloEmiHeurEmi
462,461,3.86618,GrafoMaloEmiHeurNipo
462,459,1025.3,GrafoMaloEmiHeurEmi
462,461,3.80227,GrafoMaloEmiHeurNipo
462,459,1284.44,GrafoMaloEmiHeurEmi
462,461,3.80134,GrafoMaloEmiHeurNipo
462,459,1025.86,GrafoMaloEmiHeurEmi
462,461,3.87595,GrafoMaloEmiHeurNipo
462,459,1026.32,GrafoMaloEmiHeurEmi
462,461,3.80968,GrafoMaloEmiHeurNipo
462,459,1026.38,GrafoMaloEmiHeurEmi
462,461,3.8489,GrafoMaloEmiHeurNipo
462,459,1084.88,GrafoMaloEmiHeurEmi
462,461,3.80713,GrafoMaloEmiHeurNipo
462,459,1026.07,GrafoMaloEmiHeurEmi
462,461,3.81086,GrafoMaloEmiHeurNipo
462,459,1027.02,GrafoMaloEmiHeurEmi
462,461,3.8157,GrafoMaloEmiHeurNipo
462,459,1030.14,GrafoMaloEmiHeurEmi
462,461,3.85988,GrafoMaloEmiHeurNipo
462,459,1029.57,GrafoMaloEmiHeurEmi
462,461,3.84996,GrafoMaloEmiHeurNipo
462,459,1141.69,GrafoMaloEmiHeurEmi
462,461,3.83665,GrafoMaloEmiHeurNipo
462,459,1026.68,GrafoMaloEmiHeurEmi
463,462,3.90514,GrafoMaloEmiHeurNipo
463,460,1075.85,GrafoMaloEmiHeurEmi
463,462,3.87571,GrafoMaloEmiHeurNipo
463,460,1034.81,GrafoMaloEmiHeurEmi
463,462,3.82543,GrafoMaloEmiHeurNipo
463,460,1041.73,GrafoMaloEmiHeurEmi
463,462,3.95266,GrafoMaloEmiHeurNipo
463,460,1035.29,GrafoMaloEmiHeurEmi
463,462,3.82877,GrafoMaloEmiHeurNipo
463,460,1132.36,GrafoMaloEmiHeurEmi
463,462,3.81463,GrafoMaloEmiHeurNipo
463,460,1037.33,GrafoMaloEmiHeurEmi
463,462,3.84796,GrafoMaloEmiHeurNipo
463,460,1035.33,GrafoMaloEmiHeurEmi
463,462,3.81498,GrafoMaloEmiHeurNipo
463,460,1035.51,GrafoMaloEmiHeurEmi
463,462,3.87178,GrafoMaloEmiHeurNipo
463,460,1033.73,GrafoMaloEmiHeurEmi
463,462,3.82315,GrafoMaloEmiHeurNipo
463,460,1063.95,GrafoMaloEmiHeurEmi
463,462,5.28318,GrafoMaloEmiHeurNipo
463,460,1099.49,GrafoMaloEmiHeurEmi
463,462,3.82183,GrafoMaloEmiHeurNipo
463,460,1126.27,GrafoMaloEmiHeurEmi
463,462,5.2531,GrafoMaloEmiHeurNipo
463,460,1054.51,GrafoMaloEmiHeurEmi
463,462,3.82929,GrafoMaloEmiHeurNipo
463,460,1032.94,GrafoMaloEmiHeurEmi
463,462,3.81883,GrafoMaloEmiHeurNipo
463,460,1037,GrafoMaloEmiHeurEmi
463,462,3.851,GrafoMaloEmiHeurNipo
463,460,1065.14,GrafoMaloEmiHeurEmi
463,462,3.82392,GrafoMaloEmiHeurNipo
463,460,1032.83,GrafoMaloEmiHeurEmi
463,462,3.82563,GrafoMaloEmiHeurNipo
463,460,1033.5,GrafoMaloEmiHeurEmi
463,462,3.81406,GrafoMaloEmiHeurNipo
463,460,1033.93,GrafoMaloEmiHeurEmi
463,462,3.82454,GrafoMaloEmiHeurNipo
463,460,1032.38,GrafoMaloEmiHeurEmi
463,462,3.86773,GrafoMaloEmiHeurNipo
463,460,1032.98,GrafoMaloEmiHeurEmi
463,462,3.82276,GrafoMaloEmiHeurNipo
463,460,1150.84,GrafoMaloEmiHeurEmi
463,462,3.87545,GrafoMaloEmiHeurNipo
463,460,1033.26,GrafoMaloEmiHeurEmi
463,462,3.8156,GrafoMaloEmiHeurNipo
463,460,1303.13,GrafoMaloEmiHeurEmi
463,462,3.81857,GrafoMaloEmiHeurNipo
463,460,1032.64,GrafoMaloEmiHeurEmi
464,463,3.88184,GrafoMaloEmiHeurNipo
464,461,1041.3,GrafoMaloEmiHeurEmi
464,463,3.84964,GrafoMaloEmiHeurNipo
464,461,1069.13,GrafoMaloEmiHeurEmi
464,463,3.87243,GrafoMaloEmiHeurNipo
464,461,1041.17,GrafoMaloEmiHeurEmi
464,463,3.88506,GrafoMaloEmiHeurNipo
464,461,1041.47,GrafoMaloEmiHeurEmi
464,463,4.50388,GrafoMaloEmiHeurNipo
464,461,1041.92,GrafoMaloEmiHeurEmi
464,463,3.83704,GrafoMaloEmiHeurNipo
464,461,1128.05,GrafoMaloEmiHeurEmi
464,463,3.87671,GrafoMaloEmiHeurNipo
464,461,1040.83,GrafoMaloEmiHeurEmi
464,463,3.84214,GrafoMaloEmiHeurNipo
464,461,1071.94,GrafoMaloEmiHeurEmi
464,463,3.89341,GrafoMaloEmiHeurNipo
464,461,1041.41,GrafoMaloEmiHeurEmi
464,463,3.88748,GrafoMaloEmiHeurNipo
464,461,1041.71,GrafoMaloEmiHeurEmi
464,463,3.84504,GrafoMaloEmiHeurNipo
464,461,1040.65,GrafoMaloEmiHeurEmi
464,463,3.84601,GrafoMaloEmiHeurNipo
464,461,1040.52,GrafoMaloEmiHeurEmi
464,463,3.94693,GrafoMaloEmiHeurNipo
464,461,1056.63,GrafoMaloEmiHeurEmi
464,463,5.26453,GrafoMaloEmiHeurNipo
464,461,1297.06,GrafoMaloEmiHeurEmi
464,463,3.83361,GrafoMaloEmiHeurNipo
464,461,1155.74,GrafoMaloEmiHeurEmi
464,463,3.84978,GrafoMaloEmiHeurNipo
464,461,1040.77,GrafoMaloEmiHeurEmi
464,463,3.83936,GrafoMaloEmiHeurNipo
464,461,1191.08,GrafoMaloEmiHeurEmi
464,463,3.89283,GrafoMaloEmiHeurNipo
464,461,1039.58,GrafoMaloEmiHeurEmi
464,463,3.84693,GrafoMaloEmiHeurNipo
464,461,1101.81,GrafoMaloEmiHeurEmi
464,463,3.93347,GrafoMaloEmiHeurNipo
464,461,1039.17,GrafoMaloEmiHeurEmi
464,463,3.83666,GrafoMaloEmiHeurNipo
464,461,1230.42,GrafoMaloEmiHeurEmi
464,463,3.8437,GrafoMaloEmiHeurNipo
464,461,1132.93,GrafoMaloEmiHeurEmi
464,463,5.30586,GrafoMaloEmiHeurNipo
464,461,1063.42,GrafoMaloEmiHeurEmi
464,463,3.84612,GrafoMaloEmiHeurNipo
464,461,1207.03,GrafoMaloEmiHeurEmi
464,463,5.30184,GrafoMaloEmiHeurNipo
464,461,1148.01,GrafoMaloEmiHeurEmi
465,464,3.84809,GrafoMaloEmiHeurNipo
465,462,1100.29,GrafoMaloEmiHeurEmi
465,464,3.86012,GrafoMaloEmiHeurNipo
465,462,1048.74,GrafoMaloEmiHeurEmi
465,464,3.85222,GrafoMaloEmiHeurNipo
465,462,1099.39,GrafoMaloEmiHeurEmi
465,464,3.94034,GrafoMaloEmiHeurNipo
465,462,1050.52,GrafoMaloEmiHeurEmi
465,464,3.84424,GrafoMaloEmiHeurNipo
465,462,1046.94,GrafoMaloEmiHeurEmi
465,464,3.85309,GrafoMaloEmiHeurNipo
465,462,1122.4,GrafoMaloEmiHeurEmi
465,464,5.29715,GrafoMaloEmiHeurNipo
465,462,1078.18,GrafoMaloEmiHeurEmi
465,464,3.89482,GrafoMaloEmiHeurNipo
465,462,1100.47,GrafoMaloEmiHeurEmi
465,464,3.89021,GrafoMaloEmiHeurNipo
465,462,1047.58,GrafoMaloEmiHeurEmi
465,464,3.87099,GrafoMaloEmiHeurNipo
465,462,1046.97,GrafoMaloEmiHeurEmi
465,464,3.85288,GrafoMaloEmiHeurNipo
465,462,1046.63,GrafoMaloEmiHeurEmi
465,464,3.85214,GrafoMaloEmiHeurNipo
465,462,1054.06,GrafoMaloEmiHeurEmi
465,464,3.85329,GrafoMaloEmiHeurNipo
465,462,1046.86,GrafoMaloEmiHeurEmi
465,464,3.85805,GrafoMaloEmiHeurNipo
465,462,1259.08,GrafoMaloEmiHeurEmi
465,464,3.88885,GrafoMaloEmiHeurNipo
465,462,1065.4,GrafoMaloEmiHeurEmi
465,464,3.86116,GrafoMaloEmiHeurNipo
465,462,1046,GrafoMaloEmiHeurEmi
465,464,3.8469,GrafoMaloEmiHeurNipo
465,462,1110.75,GrafoMaloEmiHeurEmi
465,464,5.28086,GrafoMaloEmiHeurNipo
465,462,1055.14,GrafoMaloEmiHeurEmi
465,464,3.8808,GrafoMaloEmiHeurNipo
465,462,1161.44,GrafoMaloEmiHeurEmi
465,464,3.89133,GrafoMaloEmiHeurNipo
465,462,1049.43,GrafoMaloEmiHeurEmi
465,464,3.85797,GrafoMaloEmiHeurNipo
465,462,1163.57,GrafoMaloEmiHeurEmi
465,464,3.93578,GrafoMaloEmiHeurNipo
465,462,1046.67,GrafoMaloEmiHeurEmi
465,464,3.85552,GrafoMaloEmiHeurNipo
465,462,1164.03,GrafoMaloEmiHeurEmi
465,464,3.85302,GrafoMaloEmiHeurNipo
465,462,1046.44,GrafoMaloEmiHeurEmi
465,464,3.84459,GrafoMaloEmiHeurNipo
465,462,1331.63,GrafoMaloEmiHeurEmi
466,465,3.93745,GrafoMaloEmiHeurNipo
466,463,1054.95,GrafoMaloEmiHeurEmi
466,465,3.94405,GrafoMaloEmiHeurNipo
466,463,1054.64,GrafoMaloEmiHeurEmi
466,465,3.98882,GrafoMaloEmiHeurNipo
466,463,1139.17,GrafoMaloEmiHeurEmi
466,465,3.95256,GrafoMaloEmiHeurNipo
466,463,1058.71,GrafoMaloEmiHeurEmi
466,465,3.95731,GrafoMaloEmiHeurNipo
466,463,1085.53,GrafoMaloEmiHeurEmi
466,465,4.13556,GrafoMaloEmiHeurNipo
466,463,1053.82,GrafoMaloEmiHeurEmi
466,465,3.96792,GrafoMaloEmiHeurNipo
466,463,1054.55,GrafoMaloEmiHeurEmi
466,465,3.98538,GrafoMaloEmiHeurNipo
466,463,1055.52,GrafoMaloEmiHeurEmi
466,465,3.95823,GrafoMaloEmiHeurNipo
466,463,1055.17,GrafoMaloEmiHeurEmi
466,465,3.95113,GrafoMaloEmiHeurNipo
466,463,1053.95,GrafoMaloEmiHeurEmi
466,465,3.99735,GrafoMaloEmiHeurNipo
466,463,1054.84,GrafoMaloEmiHeurEmi
466,465,3.94981,GrafoMaloEmiHeurNipo
466,463,1104.75,GrafoMaloEmiHeurEmi
466,465,5.62423,GrafoMaloEmiHeurNipo
466,463,1117.37,GrafoMaloEmiHeurEmi
466,465,3.97487,GrafoMaloEmiHeurNipo
466,463,1192.67,GrafoMaloEmiHeurEmi
466,465,5.5612,GrafoMaloEmiHeurNipo
466,463,1203.36,GrafoMaloEmiHeurEmi
466,465,3.97857,GrafoMaloEmiHeurNipo
466,463,1053.82,GrafoMaloEmiHeurEmi
466,465,3.94435,GrafoMaloEmiHeurNipo
466,463,1053.26,GrafoMaloEmiHeurEmi
466,465,3.98645,GrafoMaloEmiHeurNipo
466,463,1053.05,GrafoMaloEmiHeurEmi
466,465,3.98564,GrafoMaloEmiHeurNipo
466,463,1053.61,GrafoMaloEmiHeurEmi
466,465,3.97382,GrafoMaloEmiHeurNipo
466,463,1053.32,GrafoMaloEmiHeurEmi
466,465,3.94488,GrafoMaloEmiHeurNipo
466,463,1053.49,GrafoMaloEmiHeurEmi
466,465,3.99246,GrafoMaloEmiHeurNipo
466,463,1054.04,GrafoMaloEmiHeurEmi
466,465,3.95034,GrafoMaloEmiHeurNipo
466,463,1053.41,GrafoMaloEmiHeurEmi
466,465,3.98461,GrafoMaloEmiHeurNipo
466,463,1052.64,GrafoMaloEmiHeurEmi
466,465,3.95237,GrafoMaloEmiHeurNipo
466,463,1053.26,GrafoMaloEmiHeurEmi
467,466,3.93226,GrafoMaloEmiHeurNipo
467,464,1061.11,GrafoMaloEmiHeurEmi
467,466,3.88338,GrafoMaloEmiHeurNipo
467,464,1059.83,GrafoMaloEmiHeurEmi
467,466,3.99055,GrafoMaloEmiHeurNipo
467,464,1059.33,GrafoMaloEmiHeurEmi
467,466,3.89072,GrafoMaloEmiHeurNipo
467,464,1062.09,GrafoMaloEmiHeurEmi
467,466,3.89748,GrafoMaloEmiHeurNipo
467,464,1060.13,GrafoMaloEmiHeurEmi
467,466,4.04509,GrafoMaloEmiHeurNipo
467,464,1059.75,GrafoMaloEmiHeurEmi
467,466,3.88148,GrafoMaloEmiHeurNipo
467,464,1061.03,GrafoMaloEmiHeurEmi
467,466,3.89373,GrafoMaloEmiHeurNipo
467,464,1063.18,GrafoMaloEmiHeurEmi
467,466,3.88722,GrafoMaloEmiHeurNipo
467,464,1060.56,GrafoMaloEmiHeurEmi
467,466,3.93311,GrafoMaloEmiHeurNipo
467,464,1060.48,GrafoMaloEmiHeurEmi
467,466,3.97597,GrafoMaloEmiHeurNipo
467,464,1059.88,GrafoMaloEmiHeurEmi
467,466,3.8813,GrafoMaloEmiHeurNipo
467,464,1058.97,GrafoMaloEmiHeurEmi
467,466,3.95085,GrafoMaloEmiHeurNipo
467,464,1061.05,GrafoMaloEmiHeurEmi
467,466,3.92418,GrafoMaloEmiHeurNipo
467,464,1073.53,GrafoMaloEmiHeurEmi
467,466,3.89745,GrafoMaloEmiHeurNipo
467,464,1058.88,GrafoMaloEmiHeurEmi
467,466,3.90889,GrafoMaloEmiHeurNipo
467,464,1059.14,GrafoMaloEmiHeurEmi
467,466,3.89404,GrafoMaloEmiHeurNipo
467,464,1058.5,GrafoMaloEmiHeurEmi
467,466,3.92744,GrafoMaloEmiHeurNipo
467,464,1058.29,GrafoMaloEmiHeurEmi
467,466,3.93897,GrafoMaloEmiHeurNipo
467,464,1058.43,GrafoMaloEmiHeurEmi
467,466,3.87705,GrafoMaloEmiHeurNipo
467,464,1059.07,GrafoMaloEmiHeurEmi
467,466,3.92582,GrafoMaloEmiHeurNipo
467,464,1058.96,GrafoMaloEmiHeurEmi
467,466,3.87472,GrafoMaloEmiHeurNipo
467,464,1059.01,GrafoMaloEmiHeurEmi
467,466,3.88731,GrafoMaloEmiHeurNipo
467,464,1060.3,GrafoMaloEmiHeurEmi
467,466,3.91532,GrafoMaloEmiHeurNipo
467,464,1059.31,GrafoMaloEmiHeurEmi
467,466,3.9351,GrafoMaloEmiHeurNipo
467,464,1058.51,GrafoMaloEmiHeurEmi
468,467,3.92852,GrafoMaloEmiHeurNipo
468,465,1068.59,GrafoMaloEmiHeurEmi
468,467,3.91068,GrafoMaloEmiHeurNipo
468,465,1067.83,GrafoMaloEmiHeurEmi
468,467,3.95448,GrafoMaloEmiHeurNipo
468,465,1067.2,GrafoMaloEmiHeurEmi
468,467,3.89792,GrafoMaloEmiHeurNipo
468,465,1067.2,GrafoMaloEmiHeurEmi
468,467,3.91317,GrafoMaloEmiHeurNipo
468,465,1066.08,GrafoMaloEmiHeurEmi
468,467,3.91162,GrafoMaloEmiHeurNipo
468,465,1067.14,GrafoMaloEmiHeurEmi
468,467,3.9134,GrafoMaloEmiHeurNipo
468,465,1066.63,GrafoMaloEmiHeurEmi
468,467,3.96137,GrafoMaloEmiHeurNipo
468,465,1068.5,GrafoMaloEmiHeurEmi
468,467,3.90293,GrafoMaloEmiHeurNipo
468,465,1067.14,GrafoMaloEmiHeurEmi
468,467,3.90312,GrafoMaloEmiHeurNipo
468,465,1072.2,GrafoMaloEmiHeurEmi
468,467,3.94087,GrafoMaloEmiHeurNipo
468,465,1065.67,GrafoMaloEmiHeurEmi
468,467,3.90166,GrafoMaloEmiHeurNipo
468,465,1065.09,GrafoMaloEmiHeurEmi
468,467,3.90952,GrafoMaloEmiHeurNipo
468,465,1064.79,GrafoMaloEmiHeurEmi
468,467,3.94064,GrafoMaloEmiHeurNipo
468,465,1066.17,GrafoMaloEmiHeurEmi
468,467,3.9082,GrafoMaloEmiHeurNipo
468,465,1065.3,GrafoMaloEmiHeurEmi
468,467,3.90827,GrafoMaloEmiHeurNipo
468,465,1065.59,GrafoMaloEmiHeurEmi
468,467,3.9137,GrafoMaloEmiHeurNipo
468,465,1065.23,GrafoMaloEmiHeurEmi
468,467,3.93299,GrafoMaloEmiHeurNipo
468,465,1068.9,GrafoMaloEmiHeurEmi
468,467,3.95632,GrafoMaloEmiHeurNipo
468,465,1065.86,GrafoMaloEmiHeurEmi
468,467,3.8966,GrafoMaloEmiHeurNipo
468,465,1065.08,GrafoMaloEmiHeurEmi
468,467,3.90233,GrafoMaloEmiHeurNipo
468,465,1065.59,GrafoMaloEmiHeurEmi
468,467,3.94383,GrafoMaloEmiHeurNipo
468,465,1071.83,GrafoMaloEmiHeurEmi
468,467,3.91394,GrafoMaloEmiHeurNipo
468,465,1065.97,GrafoMaloEmiHeurEmi
468,467,3.89937,GrafoMaloEmiHeurNipo
468,465,1066.42,GrafoMaloEmiHeurEmi
468,467,3.89516,GrafoMaloEmiHeurNipo
468,465,1067.24,GrafoMaloEmiHeurEmi
469,468,3.91145,GrafoMaloEmiHeurNipo
469,466,1083.77,GrafoMaloEmiHeurEmi
469,468,3.92715,GrafoMaloEmiHeurNipo
469,466,1074.25,GrafoMaloEmiHeurEmi
469,468,3.91399,GrafoMaloEmiHeurNipo
469,466,1073.49,GrafoMaloEmiHeurEmi
469,468,3.91467,GrafoMaloEmiHeurNipo
469,466,1074.05,GrafoMaloEmiHeurEmi
469,468,3.96492,GrafoMaloEmiHeurNipo
469,466,1073.63,GrafoMaloEmiHeurEmi
469,468,3.92726,GrafoMaloEmiHeurNipo
469,466,1073.78,GrafoMaloEmiHeurEmi
469,468,3.92345,GrafoMaloEmiHeurNipo
469,466,1073.05,GrafoMaloEmiHeurEmi
469,468,3.95698,GrafoMaloEmiHeurNipo
469,466,1074.27,GrafoMaloEmiHeurEmi
469,468,3.92704,GrafoMaloEmiHeurNipo
469,466,1074.23,GrafoMaloEmiHeurEmi
469,468,3.91856,GrafoMaloEmiHeurNipo
469,466,1073.3,GrafoMaloEmiHeurEmi
469,468,3.92924,GrafoMaloEmiHeurNipo
469,466,1073.5,GrafoMaloEmiHeurEmi
469,468,4.01938,GrafoMaloEmiHeurNipo
469,466,1071.71,GrafoMaloEmiHeurEmi
469,468,3.92783,GrafoMaloEmiHeurNipo
469,466,1072.73,GrafoMaloEmiHeurEmi
469,468,3.91318,GrafoMaloEmiHeurNipo
469,466,1071.45,GrafoMaloEmiHeurEmi
469,468,3.96232,GrafoMaloEmiHeurNipo
469,466,1072.1,GrafoMaloEmiHeurEmi
469,468,3.92048,GrafoMaloEmiHeurNipo
469,466,1072.14,GrafoMaloEmiHeurEmi
469,468,3.95716,GrafoMaloEmiHeurNipo
469,466,1071.92,GrafoMaloEmiHeurEmi
469,468,3.92085,GrafoMaloEmiHeurNipo
469,466,1073.4,GrafoMaloEmiHeurEmi
469,468,3.9431,GrafoMaloEmiHeurNipo
469,466,1073.91,GrafoMaloEmiHeurEmi
469,468,3.95501,GrafoMaloEmiHeurNipo
469,466,1072.66,GrafoMaloEmiHeurEmi
469,468,3.92413,GrafoMaloEmiHeurNipo
469,466,1071.71,GrafoMaloEmiHeurEmi
469,468,3.9225,GrafoMaloEmiHeurNipo
469,466,1072.18,GrafoMaloEmiHeurEmi
469,468,3.98236,GrafoMaloEmiHeurNipo
469,466,1071.96,GrafoMaloEmiHeurEmi
469,468,3.91859,GrafoMaloEmiHeurNipo
469,466,1071.66,GrafoMaloEmiHeurEmi
469,468,3.91703,GrafoMaloEmiHeurNipo
469,466,1073.5,GrafoMaloEmiHeurEmi
470,469,3.94055,GrafoMaloEmiHeurNipo
470,467,1080.92,GrafoMaloEmiHeurEmi
470,469,4.03778,GrafoMaloEmiHeurNipo
470,467,1081.37,GrafoMaloEmiHeurEmi
470,469,3.93964,GrafoMaloEmiHeurNipo
470,467,1080.04,GrafoMaloEmiHeurEmi
470,469,3.93209,GrafoMaloEmiHeurNipo
470,467,1082.03,GrafoMaloEmiHeurEmi
470,469,3.94206,GrafoMaloEmiHeurNipo
470,467,1080.4,GrafoMaloEmiHeurEmi
470,469,3.94808,GrafoMaloEmiHeurNipo
470,467,1081.93,GrafoMaloEmiHeurEmi
470,469,4.00919,GrafoMaloEmiHeurNipo
470,467,1080.6,GrafoMaloEmiHeurEmi
470,469,4.022,GrafoMaloEmiHeurNipo
470,467,1082.86,GrafoMaloEmiHeurEmi
470,469,3.93852,GrafoMaloEmiHeurNipo
470,467,1108.26,GrafoMaloEmiHeurEmi
470,469,3.97595,GrafoMaloEmiHeurNipo
470,467,1080.21,GrafoMaloEmiHeurEmi
470,469,3.94003,GrafoMaloEmiHeurNipo
470,467,1078.72,GrafoMaloEmiHeurEmi
470,469,3.94117,GrafoMaloEmiHeurNipo
470,467,1079.45,GrafoMaloEmiHeurEmi
470,469,3.9408,GrafoMaloEmiHeurNipo
470,467,1079.34,GrafoMaloEmiHeurEmi
470,469,3.93323,GrafoMaloEmiHeurNipo
470,467,1079.31,GrafoMaloEmiHeurEmi
470,469,3.94497,GrafoMaloEmiHeurNipo
470,467,1078.6,GrafoMaloEmiHeurEmi
470,469,3.93963,GrafoMaloEmiHeurNipo
470,467,1078.64,GrafoMaloEmiHeurEmi
470,469,3.94093,GrafoMaloEmiHeurNipo
470,467,1078.34,GrafoMaloEmiHeurEmi
470,469,3.94034,GrafoMaloEmiHeurNipo
470,467,1078.5,GrafoMaloEmiHeurEmi
470,469,3.94771,GrafoMaloEmiHeurNipo
470,467,1079.29,GrafoMaloEmiHeurEmi
470,469,3.98687,GrafoMaloEmiHeurNipo
470,467,1079.27,GrafoMaloEmiHeurEmi
470,469,3.93838,GrafoMaloEmiHeurNipo
470,467,1079.25,GrafoMaloEmiHeurEmi
470,469,3.97845,GrafoMaloEmiHeurNipo
470,467,1078.41,GrafoMaloEmiHeurEmi
470,469,3.94081,GrafoMaloEmiHeurNipo
470,467,1079.42,GrafoMaloEmiHeurEmi
470,469,3.94206,GrafoMaloEmiHeurNipo
470,467,1079.41,GrafoMaloEmiHeurEmi
470,469,3.93902,GrafoMaloEmiHeurNipo
470,467,1078.48,GrafoMaloEmiHeurEmi
471,470,4.05046,GrafoMaloEmiHeurNipo
471,468,1088.97,GrafoMaloEmiHeurEmi
471,470,4.05757,GrafoMaloEmiHeurNipo
471,468,1117.46,GrafoMaloEmiHeurEmi
471,470,5.71259,GrafoMaloEmiHeurNipo
471,468,1097.23,GrafoMaloEmiHeurEmi
471,470,4.08771,GrafoMaloEmiHeurNipo
471,468,1088.63,GrafoMaloEmiHeurEmi
471,470,4.04798,GrafoMaloEmiHeurNipo
471,468,1088.06,GrafoMaloEmiHeurEmi
471,470,4.76843,GrafoMaloEmiHeurNipo
471,468,1090.03,GrafoMaloEmiHeurEmi
471,470,4.21998,GrafoMaloEmiHeurNipo
471,468,1088.51,GrafoMaloEmiHeurEmi
471,470,4.04784,GrafoMaloEmiHeurNipo
471,468,1089.46,GrafoMaloEmiHeurEmi
471,470,4.1108,GrafoMaloEmiHeurNipo
471,468,1088.68,GrafoMaloEmiHeurEmi
471,470,4.06691,GrafoMaloEmiHeurNipo
471,468,1088.91,GrafoMaloEmiHeurEmi
471,470,4.04702,GrafoMaloEmiHeurNipo
471,468,1088.77,GrafoMaloEmiHeurEmi
471,470,4.08798,GrafoMaloEmiHeurNipo
471,468,1131.61,GrafoMaloEmiHeurEmi
471,470,4.04981,GrafoMaloEmiHeurNipo
471,468,1087.54,GrafoMaloEmiHeurEmi
471,470,4.09306,GrafoMaloEmiHeurNipo
471,468,1086.91,GrafoMaloEmiHeurEmi
471,470,4.05728,GrafoMaloEmiHeurNipo
471,468,1087.42,GrafoMaloEmiHeurEmi
471,470,4.04157,GrafoMaloEmiHeurNipo
471,468,1087.44,GrafoMaloEmiHeurEmi
471,470,4.05612,GrafoMaloEmiHeurNipo
471,468,1086.82,GrafoMaloEmiHeurEmi
471,470,4.0542,GrafoMaloEmiHeurNipo
471,468,1087.71,GrafoMaloEmiHeurEmi
471,470,4.04795,GrafoMaloEmiHeurNipo
471,468,1143.42,GrafoMaloEmiHeurEmi
471,470,4.09198,GrafoMaloEmiHeurNipo
471,468,1087.57,GrafoMaloEmiHeurEmi
471,470,4.09326,GrafoMaloEmiHeurNipo
471,468,1121.78,GrafoMaloEmiHeurEmi
471,470,4.1051,GrafoMaloEmiHeurNipo
471,468,1088.91,GrafoMaloEmiHeurEmi
471,470,4.16234,GrafoMaloEmiHeurNipo
471,468,1087.9,GrafoMaloEmiHeurEmi
471,470,4.09825,GrafoMaloEmiHeurNipo
471,468,1098.4,GrafoMaloEmiHeurEmi
471,470,4.11854,GrafoMaloEmiHeurNipo
471,468,1087.62,GrafoMaloEmiHeurEmi
472,471,3.97252,GrafoMaloEmiHeurNipo
472,469,1096.74,GrafoMaloEmiHeurEmi
472,471,3.9812,GrafoMaloEmiHeurNipo
472,469,1096.46,GrafoMaloEmiHeurEmi
472,471,3.97376,GrafoMaloEmiHeurNipo
472,469,1150.01,GrafoMaloEmiHeurEmi
472,471,4.00554,GrafoMaloEmiHeurNipo
472,469,1096.48,GrafoMaloEmiHeurEmi
472,471,4.03217,GrafoMaloEmiHeurNipo
472,469,1153.77,GrafoMaloEmiHeurEmi
472,471,3.96523,GrafoMaloEmiHeurNipo
472,469,1105.64,GrafoMaloEmiHeurEmi
472,471,3.97261,GrafoMaloEmiHeurNipo
472,469,1095.31,GrafoMaloEmiHeurEmi
472,471,3.96541,GrafoMaloEmiHeurNipo
472,469,1095.1,GrafoMaloEmiHeurEmi
472,471,3.97856,GrafoMaloEmiHeurNipo
472,469,1097.02,GrafoMaloEmiHeurEmi
472,471,3.97921,GrafoMaloEmiHeurNipo
472,469,1095.38,GrafoMaloEmiHeurEmi
472,471,3.96546,GrafoMaloEmiHeurNipo
472,469,1095.62,GrafoMaloEmiHeurEmi
472,471,3.98325,GrafoMaloEmiHeurNipo
472,469,1095.77,GrafoMaloEmiHeurEmi
472,471,4.00894,GrafoMaloEmiHeurNipo
472,469,1095.17,GrafoMaloEmiHeurEmi
472,471,3.97688,GrafoMaloEmiHeurNipo
472,469,1095.03,GrafoMaloEmiHeurEmi
472,471,4.05183,GrafoMaloEmiHeurNipo
472,469,1094.12,GrafoMaloEmiHeurEmi
472,471,3.96686,GrafoMaloEmiHeurNipo
472,469,1094.32,GrafoMaloEmiHeurEmi
472,471,3.97221,GrafoMaloEmiHeurNipo
472,469,1094.19,GrafoMaloEmiHeurEmi
472,471,3.9718,GrafoMaloEmiHeurNipo
472,469,1094.2,GrafoMaloEmiHeurEmi
472,471,4.01609,GrafoMaloEmiHeurNipo
472,469,1094.09,GrafoMaloEmiHeurEmi
472,471,4.01046,GrafoMaloEmiHeurNipo
472,469,1094.25,GrafoMaloEmiHeurEmi
472,471,3.97433,GrafoMaloEmiHeurNipo
472,469,1094.01,GrafoMaloEmiHeurEmi
472,471,4.00843,GrafoMaloEmiHeurNipo
472,469,1136.77,GrafoMaloEmiHeurEmi
472,471,4.01278,GrafoMaloEmiHeurNipo
472,469,1095.31,GrafoMaloEmiHeurEmi
472,471,3.96826,GrafoMaloEmiHeurNipo
472,469,1094.73,GrafoMaloEmiHeurEmi
472,471,4.05305,GrafoMaloEmiHeurNipo
472,469,1093.66,GrafoMaloEmiHeurEmi
473,472,3.99377,GrafoMaloEmiHeurNipo
473,470,1171.12,GrafoMaloEmiHeurEmi
473,472,4.01702,GrafoMaloEmiHeurNipo
473,470,1125.19,GrafoMaloEmiHeurEmi
473,472,4.47126,GrafoMaloEmiHeurNipo
473,470,1157.74,GrafoMaloEmiHeurEmi
473,472,4.09727,GrafoMaloEmiHeurNipo
473,470,1275.81,GrafoMaloEmiHeurEmi
473,472,3.97559,GrafoMaloEmiHeurNipo
473,470,1153.79,GrafoMaloEmiHeurEmi
473,472,4.48223,GrafoMaloEmiHeurNipo
473,470,1151.58,GrafoMaloEmiHeurEmi
473,472,4.14985,GrafoMaloEmiHeurNipo
473,470,1269.8,GrafoMaloEmiHeurEmi
473,472,6.04877,GrafoMaloEmiHeurNipo
473,470,1152.63,GrafoMaloEmiHeurEmi
473,472,4.02414,GrafoMaloEmiHeurNipo
473,470,1159.04,GrafoMaloEmiHeurEmi
473,472,4.03362,GrafoMaloEmiHeurNipo
473,470,1151.87,GrafoMaloEmiHeurEmi
473,472,4.11628,GrafoMaloEmiHeurNipo
473,470,1133.17,GrafoMaloEmiHeurEmi
473,472,3.98451,GrafoMaloEmiHeurNipo
473,470,1151.33,GrafoMaloEmiHeurEmi
473,472,3.97828,GrafoMaloEmiHeurNipo
473,470,1101.84,GrafoMaloEmiHeurEmi
473,472,4.07535,GrafoMaloEmiHeurNipo
473,470,1223.67,GrafoMaloEmiHeurEmi
473,472,3.98582,GrafoMaloEmiHeurNipo
473,470,1101.02,GrafoMaloEmiHeurEmi
473,472,4.04186,GrafoMaloEmiHeurNipo
473,470,1101.39,GrafoMaloEmiHeurEmi
473,472,3.98687,GrafoMaloEmiHeurNipo
473,470,1098.42,GrafoMaloEmiHeurEmi
473,472,4.02049,GrafoMaloEmiHeurNipo
473,470,1221.53,GrafoMaloEmiHeurEmi
473,472,4.03516,GrafoMaloEmiHeurNipo
473,470,1098.96,GrafoMaloEmiHeurEmi
473,472,3.99185,GrafoMaloEmiHeurNipo
473,470,1100.4,GrafoMaloEmiHeurEmi
473,472,3.97794,GrafoMaloEmiHeurNipo
473,470,1223.48,GrafoMaloEmiHeurEmi
473,472,4.28937,GrafoMaloEmiHeurNipo
473,470,1099.18,GrafoMaloEmiHeurEmi
473,472,3.98738,GrafoMaloEmiHeurNipo
473,470,1100.83,GrafoMaloEmiHeurEmi
473,472,3.98244,GrafoMaloEmiHeurNipo
473,470,1099.96,GrafoMaloEmiHeurEmi
473,472,3.99285,GrafoMaloEmiHeurNipo
473,470,1226.47,GrafoMaloEmiHeurEmi
474,473,4.04547,GrafoMaloEmiHeurNipo
474,471,1107.27,GrafoMaloEmiHeurEmi
474,473,4.00248,GrafoMaloEmiHeurNipo
474,471,1107.84,GrafoMaloEmiHeurEmi
474,473,4.00366,GrafoMaloEmiHeurNipo
474,471,1224.98,GrafoMaloEmiHeurEmi
474,473,4.00504,GrafoMaloEmiHeurNipo
474,471,1105.97,GrafoMaloEmiHeurEmi
474,473,4.00594,GrafoMaloEmiHeurNipo
474,471,1107.19,GrafoMaloEmiHeurEmi
474,473,4.04471,GrafoMaloEmiHeurNipo
474,471,1105.01,GrafoMaloEmiHeurEmi
474,473,3.99892,GrafoMaloEmiHeurNipo
474,471,1231.78,GrafoMaloEmiHeurEmi
474,473,4.00682,GrafoMaloEmiHeurNipo
474,471,1105.48,GrafoMaloEmiHeurEmi
474,473,3.99554,GrafoMaloEmiHeurNipo
474,471,1107.16,GrafoMaloEmiHeurEmi
474,473,3.99365,GrafoMaloEmiHeurNipo
474,471,1228.71,GrafoMaloEmiHeurEmi
474,473,3.99874,GrafoMaloEmiHeurNipo
474,471,1107.82,GrafoMaloEmiHeurEmi
474,473,3.99979,GrafoMaloEmiHeurNipo
474,471,1107.94,GrafoMaloEmiHeurEmi
474,473,4.05723,GrafoMaloEmiHeurNipo
474,471,1107.08,GrafoMaloEmiHeurEmi
474,473,4.54062,GrafoMaloEmiHeurNipo
474,471,1137.26,GrafoMaloEmiHeurEmi
474,473,4.03161,GrafoMaloEmiHeurNipo
474,471,1113.78,GrafoMaloEmiHeurEmi
474,473,4.01165,GrafoMaloEmiHeurNipo
474,471,1107.36,GrafoMaloEmiHeurEmi
474,473,4.00671,GrafoMaloEmiHeurNipo
474,471,1230.1,GrafoMaloEmiHeurEmi
474,473,4.10891,GrafoMaloEmiHeurNipo
474,471,1106.07,GrafoMaloEmiHeurEmi
474,473,4.0062,GrafoMaloEmiHeurNipo
474,471,1107.38,GrafoMaloEmiHeurEmi
474,473,4.00495,GrafoMaloEmiHeurNipo
474,471,1107.53,GrafoMaloEmiHeurEmi
474,473,4.00344,GrafoMaloEmiHeurNipo
474,471,1231.81,GrafoMaloEmiHeurEmi
474,473,3.99606,GrafoMaloEmiHeurNipo
474,471,1106.7,GrafoMaloEmiHeurEmi
474,473,4.03579,GrafoMaloEmiHeurNipo
474,471,1108.35,GrafoMaloEmiHeurEmi
474,473,4.03947,GrafoMaloEmiHeurNipo
474,471,1229.94,GrafoMaloEmiHeurEmi
474,473,3.99273,GrafoMaloEmiHeurNipo
474,471,1107.2,GrafoMaloEmiHeurEmi
475,474,4.02099,GrafoMaloEmiHeurNipo
475,472,1115.59,GrafoMaloEmiHeurEmi
475,474,4.01093,GrafoMaloEmiHeurNipo
475,472,1112.45,GrafoMaloEmiHeurEmi
475,474,4.02536,GrafoMaloEmiHeurNipo
475,472,1238.86,GrafoMaloEmiHeurEmi
475,474,4.23611,GrafoMaloEmiHeurNipo
475,472,1111.98,GrafoMaloEmiHeurEmi
475,474,4.01265,GrafoMaloEmiHeurNipo
475,472,1113.88,GrafoMaloEmiHeurEmi
475,474,4.01387,GrafoMaloEmiHeurNipo
475,472,1235.93,GrafoMaloEmiHeurEmi
475,474,4.01408,GrafoMaloEmiHeurNipo
475,472,1112.69,GrafoMaloEmiHeurEmi
475,474,4.01954,GrafoMaloEmiHeurNipo
475,472,1114.89,GrafoMaloEmiHeurEmi
475,474,4.02265,GrafoMaloEmiHeurNipo
475,472,1112.95,GrafoMaloEmiHeurEmi
475,474,4.02028,GrafoMaloEmiHeurNipo
475,472,1234.15,GrafoMaloEmiHeurEmi
475,474,4.02169,GrafoMaloEmiHeurNipo
475,472,1111.57,GrafoMaloEmiHeurEmi
475,474,4.02197,GrafoMaloEmiHeurNipo
475,472,1113.65,GrafoMaloEmiHeurEmi
475,474,4.01924,GrafoMaloEmiHeurNipo
475,472,1236.13,GrafoMaloEmiHeurEmi
475,474,4.01892,GrafoMaloEmiHeurNipo
475,472,1112.3,GrafoMaloEmiHeurEmi
475,474,4.00755,GrafoMaloEmiHeurNipo
475,472,1113.6,GrafoMaloEmiHeurEmi
475,474,4.01749,GrafoMaloEmiHeurNipo
475,472,1138.83,GrafoMaloEmiHeurEmi
475,474,5.50327,GrafoMaloEmiHeurNipo
475,472,1209.92,GrafoMaloEmiHeurEmi
475,474,4.0253,GrafoMaloEmiHeurNipo
475,472,1113.24,GrafoMaloEmiHeurEmi
475,474,4.019,GrafoMaloEmiHeurNipo
475,472,1116.52,GrafoMaloEmiHeurEmi
475,474,4.02221,GrafoMaloEmiHeurNipo
475,472,1238.6,GrafoMaloEmiHeurEmi
475,474,4.02297,GrafoMaloEmiHeurNipo
475,472,1112.72,GrafoMaloEmiHeurEmi
475,474,4.02009,GrafoMaloEmiHeurNipo
475,472,1115.39,GrafoMaloEmiHeurEmi
475,474,4.02268,GrafoMaloEmiHeurNipo
475,472,1112.85,GrafoMaloEmiHeurEmi
475,474,4.01019,GrafoMaloEmiHeurNipo
475,472,1115.83,GrafoMaloEmiHeurEmi
475,474,4.06995,GrafoMaloEmiHeurNipo
475,472,1115.79,GrafoMaloEmiHeurEmi
476,475,4.04022,GrafoMaloEmiHeurNipo
476,473,1121.25,GrafoMaloEmiHeurEmi
476,475,4.04188,GrafoMaloEmiHeurNipo
476,473,1246.44,GrafoMaloEmiHeurEmi
476,475,4.04421,GrafoMaloEmiHeurNipo
476,473,1124.49,GrafoMaloEmiHeurEmi
476,475,4.03504,GrafoMaloEmiHeurNipo
476,473,1248.03,GrafoMaloEmiHeurEmi
476,475,4.28186,GrafoMaloEmiHeurNipo
476,473,1226.18,GrafoMaloEmiHeurEmi
476,475,5.58325,GrafoMaloEmiHeurNipo
476,473,1134.87,GrafoMaloEmiHeurEmi
476,475,4.02749,GrafoMaloEmiHeurNipo
476,473,1120.49,GrafoMaloEmiHeurEmi
476,475,4.02981,GrafoMaloEmiHeurNipo
476,473,1119.91,GrafoMaloEmiHeurEmi
476,475,4.03025,GrafoMaloEmiHeurNipo
476,473,1244.78,GrafoMaloEmiHeurEmi
476,475,4.07837,GrafoMaloEmiHeurNipo
476,473,1119.96,GrafoMaloEmiHeurEmi
476,475,4.11438,GrafoMaloEmiHeurNipo
476,473,1122.12,GrafoMaloEmiHeurEmi
476,475,4.12771,GrafoMaloEmiHeurNipo
476,473,1243.75,GrafoMaloEmiHeurEmi
476,475,4.04368,GrafoMaloEmiHeurNipo
476,473,1121.1,GrafoMaloEmiHeurEmi
476,475,4.07984,GrafoMaloEmiHeurNipo
476,473,1119.71,GrafoMaloEmiHeurEmi
476,475,4.04081,GrafoMaloEmiHeurNipo
476,473,1120.4,GrafoMaloEmiHeurEmi
476,475,4.03389,GrafoMaloEmiHeurNipo
476,473,1146.24,GrafoMaloEmiHeurEmi
476,475,4.06496,GrafoMaloEmiHeurNipo
476,473,1121.61,GrafoMaloEmiHeurEmi
476,475,4.03418,GrafoMaloEmiHeurNipo
476,473,1121.04,GrafoMaloEmiHeurEmi
476,475,4.02892,GrafoMaloEmiHeurNipo
476,473,1242.95,GrafoMaloEmiHeurEmi
476,475,4.07446,GrafoMaloEmiHeurNipo
476,473,1120.34,GrafoMaloEmiHeurEmi
476,475,4.03288,GrafoMaloEmiHeurNipo
476,473,1121.67,GrafoMaloEmiHeurEmi
476,475,4.03678,GrafoMaloEmiHeurNipo
476,473,1120.56,GrafoMaloEmiHeurEmi
476,475,4.04529,GrafoMaloEmiHeurNipo
476,473,1240.94,GrafoMaloEmiHeurEmi
476,475,4.03234,GrafoMaloEmiHeurNipo
476,473,1121.92,GrafoMaloEmiHeurEmi
476,475,4.02911,GrafoMaloEmiHeurNipo
476,473,1120.73,GrafoMaloEmiHeurEmi
477,476,4.05815,GrafoMaloEmiHeurNipo
477,474,1250.78,GrafoMaloEmiHeurEmi
477,476,4.05795,GrafoMaloEmiHeurNipo
477,474,1127.1,GrafoMaloEmiHeurEmi
477,476,4.04543,GrafoMaloEmiHeurNipo
477,474,1128.05,GrafoMaloEmiHeurEmi
477,476,4.05047,GrafoMaloEmiHeurNipo
477,474,1165.86,GrafoMaloEmiHeurEmi
477,476,5.55681,GrafoMaloEmiHeurNipo
477,474,1211.71,GrafoMaloEmiHeurEmi
477,476,4.04016,GrafoMaloEmiHeurNipo
477,474,1128.04,GrafoMaloEmiHeurEmi
477,476,4.04201,GrafoMaloEmiHeurNipo
477,474,1126.84,GrafoMaloEmiHeurEmi
477,476,4.04249,GrafoMaloEmiHeurNipo
477,474,1247.66,GrafoMaloEmiHeurEmi
477,476,4.03838,GrafoMaloEmiHeurNipo
477,474,1126.81,GrafoMaloEmiHeurEmi
477,476,4.05068,GrafoMaloEmiHeurNipo
477,474,1127.46,GrafoMaloEmiHeurEmi
477,476,4.04032,GrafoMaloEmiHeurNipo
477,474,1230.1,GrafoMaloEmiHeurEmi
477,476,5.53931,GrafoMaloEmiHeurNipo
477,474,1146.09,GrafoMaloEmiHeurEmi
477,476,4.04484,GrafoMaloEmiHeurNipo
477,474,1128.09,GrafoMaloEmiHeurEmi
477,476,4.05437,GrafoMaloEmiHeurNipo
477,474,1128.19,GrafoMaloEmiHeurEmi
477,476,4.05011,GrafoMaloEmiHeurNipo
477,474,1252.14,GrafoMaloEmiHeurEmi
477,476,4.05636,GrafoMaloEmiHeurNipo
477,474,1127.15,GrafoMaloEmiHeurEmi
477,476,4.04495,GrafoMaloEmiHeurNipo
477,474,1126.2,GrafoMaloEmiHeurEmi
477,476,4.05112,GrafoMaloEmiHeurNipo
477,474,1127.29,GrafoMaloEmiHeurEmi
477,476,4.06779,GrafoMaloEmiHeurNipo
477,474,1126.07,GrafoMaloEmiHeurEmi
477,476,4.05335,GrafoMaloEmiHeurNipo
477,474,1127.34,GrafoMaloEmiHeurEmi
477,476,4.05133,GrafoMaloEmiHeurNipo
477,474,1126.96,GrafoMaloEmiHeurEmi
477,476,4.05495,GrafoMaloEmiHeurNipo
477,474,1250.47,GrafoMaloEmiHeurEmi
477,476,4.052,GrafoMaloEmiHeurNipo
477,474,1127.37,GrafoMaloEmiHeurEmi
477,476,4.04279,GrafoMaloEmiHeurNipo
477,474,1127.78,GrafoMaloEmiHeurEmi
477,476,4.04131,GrafoMaloEmiHeurNipo
477,474,1250.57,GrafoMaloEmiHeurEmi
478,477,4.07847,GrafoMaloEmiHeurNipo
478,475,1136.04,GrafoMaloEmiHeurEmi
478,477,4.08297,GrafoMaloEmiHeurNipo
478,475,1134.43,GrafoMaloEmiHeurEmi
478,477,4.07536,GrafoMaloEmiHeurNipo
478,475,1153.85,GrafoMaloEmiHeurEmi
478,477,5.58031,GrafoMaloEmiHeurNipo
478,475,1239.24,GrafoMaloEmiHeurEmi
478,477,4.07656,GrafoMaloEmiHeurNipo
478,475,1134.99,GrafoMaloEmiHeurEmi
478,477,4.09988,GrafoMaloEmiHeurNipo
478,475,1134.09,GrafoMaloEmiHeurEmi
478,477,4.07868,GrafoMaloEmiHeurNipo
478,475,1257.93,GrafoMaloEmiHeurEmi
478,477,4.06839,GrafoMaloEmiHeurNipo
478,475,1134.39,GrafoMaloEmiHeurEmi
478,477,4.0683,GrafoMaloEmiHeurNipo
478,475,1134.7,GrafoMaloEmiHeurEmi
478,477,4.06505,GrafoMaloEmiHeurNipo
478,475,1238.42,GrafoMaloEmiHeurEmi
478,477,5.61681,GrafoMaloEmiHeurNipo
478,475,1151.19,GrafoMaloEmiHeurEmi
478,477,4.29044,GrafoMaloEmiHeurNipo
478,475,1134.9,GrafoMaloEmiHeurEmi
478,477,4.06676,GrafoMaloEmiHeurNipo
478,475,1135.32,GrafoMaloEmiHeurEmi
478,477,4.06361,GrafoMaloEmiHeurNipo
478,475,1258.9,GrafoMaloEmiHeurEmi
478,477,4.05915,GrafoMaloEmiHeurNipo
478,475,1134.56,GrafoMaloEmiHeurEmi
478,477,4.0728,GrafoMaloEmiHeurNipo
478,475,1134.15,GrafoMaloEmiHeurEmi
478,477,4.07453,GrafoMaloEmiHeurNipo
478,475,1138.21,GrafoMaloEmiHeurEmi
478,477,4.0636,GrafoMaloEmiHeurNipo
478,475,1135.62,GrafoMaloEmiHeurEmi
478,477,4.0738,GrafoMaloEmiHeurNipo
478,475,1134.65,GrafoMaloEmiHeurEmi
478,477,4.0741,GrafoMaloEmiHeurNipo
478,475,1134.88,GrafoMaloEmiHeurEmi
478,477,4.06148,GrafoMaloEmiHeurNipo
478,475,1151.15,GrafoMaloEmiHeurEmi
478,477,4.07023,GrafoMaloEmiHeurNipo
478,475,1133.9,GrafoMaloEmiHeurEmi
478,477,4.07848,GrafoMaloEmiHeurNipo
478,475,1133.47,GrafoMaloEmiHeurEmi
478,477,4.06536,GrafoMaloEmiHeurNipo
478,475,1141.13,GrafoMaloEmiHeurEmi
478,477,4.06598,GrafoMaloEmiHeurNipo
478,475,1133.79,GrafoMaloEmiHeurEmi
479,478,4.0821,GrafoMaloEmiHeurNipo
479,476,1143.35,GrafoMaloEmiHeurEmi
479,478,4.1387,GrafoMaloEmiHeurNipo
479,476,1142.06,GrafoMaloEmiHeurEmi
479,478,4.07561,GrafoMaloEmiHeurNipo
479,476,1262.03,GrafoMaloEmiHeurEmi
479,478,4.07532,GrafoMaloEmiHeurNipo
479,476,1141.64,GrafoMaloEmiHeurEmi
479,478,4.0884,GrafoMaloEmiHeurNipo
479,476,1142.84,GrafoMaloEmiHeurEmi
479,478,4.13185,GrafoMaloEmiHeurNipo
479,476,1266.21,GrafoMaloEmiHeurEmi
479,478,4.08535,GrafoMaloEmiHeurNipo
479,476,1141.14,GrafoMaloEmiHeurEmi
479,478,4.08917,GrafoMaloEmiHeurNipo
479,476,1143.31,GrafoMaloEmiHeurEmi
479,478,4.08444,GrafoMaloEmiHeurNipo
479,476,1228.69,GrafoMaloEmiHeurEmi
479,478,5.60539,GrafoMaloEmiHeurNipo
479,476,1178.43,GrafoMaloEmiHeurEmi
479,478,4.09085,GrafoMaloEmiHeurNipo
479,476,1143.43,GrafoMaloEmiHeurEmi
479,478,4.13405,GrafoMaloEmiHeurNipo
479,476,1142.32,GrafoMaloEmiHeurEmi
479,478,4.08024,GrafoMaloEmiHeurNipo
479,476,1263.32,GrafoMaloEmiHeurEmi
479,478,4.09149,GrafoMaloEmiHeurNipo
479,476,1142.36,GrafoMaloEmiHeurEmi
479,478,4.12833,GrafoMaloEmiHeurNipo
479,476,1142.92,GrafoMaloEmiHeurEmi
479,478,4.08585,GrafoMaloEmiHeurNipo
479,476,1264.7,GrafoMaloEmiHeurEmi
479,478,4.08041,GrafoMaloEmiHeurNipo
479,476,1142.5,GrafoMaloEmiHeurEmi
479,478,4.08548,GrafoMaloEmiHeurNipo
479,476,1143.05,GrafoMaloEmiHeurEmi
479,478,4.07227,GrafoMaloEmiHeurNipo
479,476,1172.68,GrafoMaloEmiHeurEmi
479,478,5.5936,GrafoMaloEmiHeurNipo
479,476,1234.32,GrafoMaloEmiHeurEmi
479,478,4.07634,GrafoMaloEmiHeurNipo
479,476,1142.03,GrafoMaloEmiHeurEmi
479,478,4.08134,GrafoMaloEmiHeurNipo
479,476,1141.75,GrafoMaloEmiHeurEmi
479,478,4.07713,GrafoMaloEmiHeurNipo
479,476,1266.32,GrafoMaloEmiHeurEmi
479,478,4.08676,GrafoMaloEmiHeurNipo
479,476,1141.47,GrafoMaloEmiHeurEmi
479,478,4.08939,GrafoMaloEmiHeurNipo
479,476,1143.57,GrafoMaloEmiHeurEmi
480,479,4.20275,GrafoMaloEmiHeurNipo
480,477,1273.65,GrafoMaloEmiHeurEmi
480,479,4.25009,GrafoMaloEmiHeurNipo
480,477,1154.55,GrafoMaloEmiHeurEmi
480,479,4.20477,GrafoMaloEmiHeurNipo
480,477,1152.54,GrafoMaloEmiHeurEmi
480,479,4.21126,GrafoMaloEmiHeurNipo
480,477,1150.94,GrafoMaloEmiHeurEmi
480,479,4.28933,GrafoMaloEmiHeurNipo
480,477,1276.07,GrafoMaloEmiHeurEmi
480,479,4.1981,GrafoMaloEmiHeurNipo
480,477,1150.61,GrafoMaloEmiHeurEmi
480,479,4.19067,GrafoMaloEmiHeurNipo
480,477,1155.54,GrafoMaloEmiHeurEmi
480,479,4.27761,GrafoMaloEmiHeurNipo
480,477,1273.57,GrafoMaloEmiHeurEmi
480,479,4.19789,GrafoMaloEmiHeurNipo
480,477,1148.78,GrafoMaloEmiHeurEmi
480,479,4.19816,GrafoMaloEmiHeurNipo
480,477,1150.81,GrafoMaloEmiHeurEmi
480,479,4.20777,GrafoMaloEmiHeurNipo
480,477,1265.47,GrafoMaloEmiHeurEmi
480,479,5.86589,GrafoMaloEmiHeurNipo
480,477,1153.26,GrafoMaloEmiHeurEmi
480,479,4.21401,GrafoMaloEmiHeurNipo
480,477,1150.12,GrafoMaloEmiHeurEmi
480,479,4.19737,GrafoMaloEmiHeurNipo
480,477,1148.5,GrafoMaloEmiHeurEmi
480,479,4.20857,GrafoMaloEmiHeurNipo
480,477,1275.19,GrafoMaloEmiHeurEmi
480,479,4.20648,GrafoMaloEmiHeurNipo
480,477,1152.69,GrafoMaloEmiHeurEmi
480,479,4.70267,GrafoMaloEmiHeurNipo
480,477,1149.63,GrafoMaloEmiHeurEmi
480,479,4.25226,GrafoMaloEmiHeurNipo
480,477,1175.96,GrafoMaloEmiHeurEmi
480,479,4.2011,GrafoMaloEmiHeurNipo
480,477,1149.6,GrafoMaloEmiHeurEmi
480,479,4.2012,GrafoMaloEmiHeurNipo
480,477,1151.03,GrafoMaloEmiHeurEmi
480,479,4.19577,GrafoMaloEmiHeurNipo
480,477,1202.84,GrafoMaloEmiHeurEmi
480,479,5.8648,GrafoMaloEmiHeurNipo
480,477,1217.61,GrafoMaloEmiHeurEmi
480,479,4.20667,GrafoMaloEmiHeurNipo
480,477,1149.7,GrafoMaloEmiHeurEmi
480,479,4.19841,GrafoMaloEmiHeurNipo
480,477,1149.6,GrafoMaloEmiHeurEmi
480,479,4.20457,GrafoMaloEmiHeurNipo
480,477,1206.39,GrafoMaloEmiHeurEmi
481,480,4.11684,GrafoMaloEmiHeurNipo
481,478,1156.64,GrafoMaloEmiHeurEmi
481,480,4.144,GrafoMaloEmiHeurNipo
481,478,1156.68,GrafoMaloEmiHeurEmi
481,480,4.1175,GrafoMaloEmiHeurNipo
481,478,1279.04,GrafoMaloEmiHeurEmi
481,480,4.126,GrafoMaloEmiHeurNipo
481,478,1155.95,GrafoMaloEmiHeurEmi
481,480,4.12908,GrafoMaloEmiHeurNipo
481,478,1157.52,GrafoMaloEmiHeurEmi
481,480,4.1156,GrafoMaloEmiHeurNipo
481,478,1172.18,GrafoMaloEmiHeurEmi
481,480,5.68525,GrafoMaloEmiHeurNipo
481,478,1262.74,GrafoMaloEmiHeurEmi
481,480,4.12229,GrafoMaloEmiHeurNipo
481,478,1157.37,GrafoMaloEmiHeurEmi
481,480,4.16337,GrafoMaloEmiHeurNipo
481,478,1157.39,GrafoMaloEmiHeurEmi
481,480,4.1099,GrafoMaloEmiHeurNipo
481,478,1281.42,GrafoMaloEmiHeurEmi
481,480,4.11959,GrafoMaloEmiHeurNipo
481,478,1155.82,GrafoMaloEmiHeurEmi
481,480,4.17146,GrafoMaloEmiHeurNipo
481,478,1157.38,GrafoMaloEmiHeurEmi
481,480,4.11295,GrafoMaloEmiHeurNipo
481,478,1280.3,GrafoMaloEmiHeurEmi
481,480,4.12254,GrafoMaloEmiHeurNipo
481,478,1156.59,GrafoMaloEmiHeurEmi
481,480,4.19763,GrafoMaloEmiHeurNipo
481,478,1157.83,GrafoMaloEmiHeurEmi
481,480,4.14332,GrafoMaloEmiHeurNipo
481,478,1173.22,GrafoMaloEmiHeurEmi
481,480,5.64245,GrafoMaloEmiHeurNipo
481,478,1263.32,GrafoMaloEmiHeurEmi
481,480,4.10947,GrafoMaloEmiHeurNipo
481,478,1161.03,GrafoMaloEmiHeurEmi
481,480,4.19864,GrafoMaloEmiHeurNipo
481,478,1157.76,GrafoMaloEmiHeurEmi
481,480,4.12589,GrafoMaloEmiHeurNipo
481,478,1281.17,GrafoMaloEmiHeurEmi
481,480,4.12815,GrafoMaloEmiHeurNipo
481,478,1155.76,GrafoMaloEmiHeurEmi
481,480,4.25175,GrafoMaloEmiHeurNipo
481,478,1157.61,GrafoMaloEmiHeurEmi
481,480,4.12939,GrafoMaloEmiHeurNipo
481,478,1281.32,GrafoMaloEmiHeurEmi
481,480,4.15764,GrafoMaloEmiHeurNipo
481,478,1155.65,GrafoMaloEmiHeurEmi
481,480,4.20477,GrafoMaloEmiHeurNipo
481,478,1157.61,GrafoMaloEmiHeurEmi
482,481,4.14362,GrafoMaloEmiHeurNipo
482,479,1184.68,GrafoMaloEmiHeurEmi
482,481,5.66127,GrafoMaloEmiHeurNipo
482,479,1266.81,GrafoMaloEmiHeurEmi
482,481,4.14401,GrafoMaloEmiHeurNipo
482,479,1162.78,GrafoMaloEmiHeurEmi
482,481,4.16784,GrafoMaloEmiHeurNipo
482,479,1162.83,GrafoMaloEmiHeurEmi
482,481,4.13939,GrafoMaloEmiHeurNipo
482,479,1288.38,GrafoMaloEmiHeurEmi
482,481,4.12911,GrafoMaloEmiHeurNipo
482,479,1162.8,GrafoMaloEmiHeurEmi
482,481,4.135,GrafoMaloEmiHeurNipo
482,479,1164,GrafoMaloEmiHeurEmi
482,481,4.13358,GrafoMaloEmiHeurNipo
482,479,1285.85,GrafoMaloEmiHeurEmi
482,481,4.141,GrafoMaloEmiHeurNipo
482,479,1163.09,GrafoMaloEmiHeurEmi
482,481,4.13779,GrafoMaloEmiHeurNipo
482,479,1164.3,GrafoMaloEmiHeurEmi
482,481,4.14485,GrafoMaloEmiHeurNipo
482,479,1205.79,GrafoMaloEmiHeurEmi
482,481,5.6617,GrafoMaloEmiHeurNipo
482,479,1242.73,GrafoMaloEmiHeurEmi
482,481,4.13983,GrafoMaloEmiHeurNipo
482,479,1163.37,GrafoMaloEmiHeurEmi
482,481,4.21435,GrafoMaloEmiHeurNipo
482,479,1163.55,GrafoMaloEmiHeurEmi
482,481,4.1306,GrafoMaloEmiHeurNipo
482,479,1288.34,GrafoMaloEmiHeurEmi
482,481,4.17312,GrafoMaloEmiHeurNipo
482,479,1163.42,GrafoMaloEmiHeurEmi
482,481,4.13366,GrafoMaloEmiHeurNipo
482,479,1163.89,GrafoMaloEmiHeurEmi
482,481,4.14581,GrafoMaloEmiHeurNipo
482,479,1190.37,GrafoMaloEmiHeurEmi
482,481,4.14425,GrafoMaloEmiHeurNipo
482,479,1164.38,GrafoMaloEmiHeurEmi
482,481,4.17597,GrafoMaloEmiHeurNipo
482,479,1164.21,GrafoMaloEmiHeurEmi
482,481,4.13475,GrafoMaloEmiHeurNipo
482,479,1196.84,GrafoMaloEmiHeurEmi
482,481,5.66126,GrafoMaloEmiHeurNipo
482,479,1255.53,GrafoMaloEmiHeurEmi
482,481,4.14009,GrafoMaloEmiHeurNipo
482,479,1168.91,GrafoMaloEmiHeurEmi
482,481,4.1554,GrafoMaloEmiHeurNipo
482,479,1163.27,GrafoMaloEmiHeurEmi
482,481,4.1722,GrafoMaloEmiHeurNipo
482,479,1289.63,GrafoMaloEmiHeurEmi
483,482,4.16169,GrafoMaloEmiHeurNipo
483,480,1170.16,GrafoMaloEmiHeurEmi
483,482,4.16011,GrafoMaloEmiHeurNipo
483,480,1169.76,GrafoMaloEmiHeurEmi
483,482,4.16016,GrafoMaloEmiHeurNipo
483,480,1292.17,GrafoMaloEmiHeurEmi
483,482,4.15462,GrafoMaloEmiHeurNipo
483,480,1170.14,GrafoMaloEmiHeurEmi
483,482,4.15596,GrafoMaloEmiHeurNipo
483,480,1170.54,GrafoMaloEmiHeurEmi
483,482,4.147,GrafoMaloEmiHeurNipo
483,480,1247.1,GrafoMaloEmiHeurEmi
483,482,5.70669,GrafoMaloEmiHeurNipo
483,480,1218.25,GrafoMaloEmiHeurEmi
483,482,4.37911,GrafoMaloEmiHeurNipo
483,480,1171.43,GrafoMaloEmiHeurEmi
483,482,4.15646,GrafoMaloEmiHeurNipo
483,480,1169.36,GrafoMaloEmiHeurEmi
483,482,4.20614,GrafoMaloEmiHeurNipo
483,480,1294.79,GrafoMaloEmiHeurEmi
483,482,4.15675,GrafoMaloEmiHeurNipo
483,480,1169.04,GrafoMaloEmiHeurEmi
483,482,4.15512,GrafoMaloEmiHeurNipo
483,480,1171.3,GrafoMaloEmiHeurEmi
483,482,4.15259,GrafoMaloEmiHeurNipo
483,480,1292.8,GrafoMaloEmiHeurEmi
483,482,4.14925,GrafoMaloEmiHeurNipo
483,480,1170.32,GrafoMaloEmiHeurEmi
483,482,4.14848,GrafoMaloEmiHeurNipo
483,480,1171.92,GrafoMaloEmiHeurEmi
483,482,4.14169,GrafoMaloEmiHeurNipo
483,480,1294.63,GrafoMaloEmiHeurEmi
483,482,4.14727,GrafoMaloEmiHeurNipo
483,480,1170.93,GrafoMaloEmiHeurEmi
483,482,4.15164,GrafoMaloEmiHeurNipo
483,480,1170.28,GrafoMaloEmiHeurEmi
483,482,4.1511,GrafoMaloEmiHeurNipo
483,480,1169.8,GrafoMaloEmiHeurEmi
483,482,4.15959,GrafoMaloEmiHeurNipo
483,480,1294.8,GrafoMaloEmiHeurEmi
483,482,4.1512,GrafoMaloEmiHeurNipo
483,480,1169.61,GrafoMaloEmiHeurEmi
483,482,4.15577,GrafoMaloEmiHeurNipo
483,480,1171.09,GrafoMaloEmiHeurEmi
483,482,4.18098,GrafoMaloEmiHeurNipo
483,480,1293.94,GrafoMaloEmiHeurEmi
483,482,4.15802,GrafoMaloEmiHeurNipo
483,480,1172.41,GrafoMaloEmiHeurEmi
483,482,4.14805,GrafoMaloEmiHeurNipo
483,480,1170.74,GrafoMaloEmiHeurEmi
484,483,4.18339,GrafoMaloEmiHeurNipo
484,481,1301.78,GrafoMaloEmiHeurEmi
484,483,4.17344,GrafoMaloEmiHeurNipo
484,481,1181.7,GrafoMaloEmiHeurEmi
484,483,4.61864,GrafoMaloEmiHeurNipo
484,481,1178.25,GrafoMaloEmiHeurEmi
484,483,4.16533,GrafoMaloEmiHeurNipo
484,481,1234.92,GrafoMaloEmiHeurEmi
484,483,5.71906,GrafoMaloEmiHeurNipo
484,481,1243.79,GrafoMaloEmiHeurEmi
484,483,4.1636,GrafoMaloEmiHeurNipo
484,481,1180.45,GrafoMaloEmiHeurEmi
484,483,4.21172,GrafoMaloEmiHeurNipo
484,481,1179.97,GrafoMaloEmiHeurEmi
484,483,4.16425,GrafoMaloEmiHeurNipo
484,481,1302.41,GrafoMaloEmiHeurEmi
484,483,4.17539,GrafoMaloEmiHeurNipo
484,481,1176.91,GrafoMaloEmiHeurEmi
484,483,4.17038,GrafoMaloEmiHeurNipo
484,481,1178.66,GrafoMaloEmiHeurEmi
484,483,4.16852,GrafoMaloEmiHeurNipo
484,481,1300.56,GrafoMaloEmiHeurEmi
484,483,4.17724,GrafoMaloEmiHeurNipo
484,481,1177.7,GrafoMaloEmiHeurEmi
484,483,4.21952,GrafoMaloEmiHeurNipo
484,481,1178.29,GrafoMaloEmiHeurEmi
484,483,4.18243,GrafoMaloEmiHeurNipo
484,481,1299.2,GrafoMaloEmiHeurEmi
484,483,4.17601,GrafoMaloEmiHeurNipo
484,481,1177.07,GrafoMaloEmiHeurEmi
484,483,4.17801,GrafoMaloEmiHeurNipo
484,481,1178.16,GrafoMaloEmiHeurEmi
484,483,4.17545,GrafoMaloEmiHeurNipo
484,481,1190.02,GrafoMaloEmiHeurEmi
484,483,5.71266,GrafoMaloEmiHeurNipo
484,481,1187.76,GrafoMaloEmiHeurEmi
484,483,4.16652,GrafoMaloEmiHeurNipo
484,481,1177.79,GrafoMaloEmiHeurEmi
484,483,4.16564,GrafoMaloEmiHeurNipo
484,481,1180.05,GrafoMaloEmiHeurEmi
484,483,4.16427,GrafoMaloEmiHeurNipo
484,481,1300.98,GrafoMaloEmiHeurEmi
484,483,4.17196,GrafoMaloEmiHeurNipo
484,481,1177.74,GrafoMaloEmiHeurEmi
484,483,4.30299,GrafoMaloEmiHeurNipo
484,481,1180.76,GrafoMaloEmiHeurEmi
484,483,4.16287,GrafoMaloEmiHeurNipo
484,481,1299.98,GrafoMaloEmiHeurEmi
484,483,4.16401,GrafoMaloEmiHeurNipo
484,481,1178,GrafoMaloEmiHeurEmi
485,484,4.18576,GrafoMaloEmiHeurNipo
485,482,1186.66,GrafoMaloEmiHeurEmi
485,484,4.18547,GrafoMaloEmiHeurNipo
485,482,1244.1,GrafoMaloEmiHeurEmi
485,484,5.7272,GrafoMaloEmiHeurNipo
485,482,1245.16,GrafoMaloEmiHeurEmi
485,484,4.19096,GrafoMaloEmiHeurNipo
485,482,1184.7,GrafoMaloEmiHeurEmi
485,484,4.18202,GrafoMaloEmiHeurNipo
485,482,1184.38,GrafoMaloEmiHeurEmi
485,484,4.22715,GrafoMaloEmiHeurNipo
485,482,1311.08,GrafoMaloEmiHeurEmi
485,484,4.18352,GrafoMaloEmiHeurNipo
485,482,1183.68,GrafoMaloEmiHeurEmi
485,484,4.18337,GrafoMaloEmiHeurNipo
485,482,1186.01,GrafoMaloEmiHeurEmi
485,484,4.22042,GrafoMaloEmiHeurNipo
485,482,1308.14,GrafoMaloEmiHeurEmi
485,484,4.19048,GrafoMaloEmiHeurNipo
485,482,1182.84,GrafoMaloEmiHeurEmi
485,484,4.18163,GrafoMaloEmiHeurNipo
485,482,1184.64,GrafoMaloEmiHeurEmi
485,484,4.19427,GrafoMaloEmiHeurNipo
485,482,1307.31,GrafoMaloEmiHeurEmi
485,484,4.1848,GrafoMaloEmiHeurNipo
485,482,1184.97,GrafoMaloEmiHeurEmi
485,484,4.22413,GrafoMaloEmiHeurNipo
485,482,1186.34,GrafoMaloEmiHeurEmi
485,484,4.18715,GrafoMaloEmiHeurNipo
485,482,1233.44,GrafoMaloEmiHeurEmi
485,484,5.73662,GrafoMaloEmiHeurNipo
485,482,1259.17,GrafoMaloEmiHeurEmi
485,484,4.23559,GrafoMaloEmiHeurNipo
485,482,1185.9,GrafoMaloEmiHeurEmi
485,484,4.30656,GrafoMaloEmiHeurNipo
485,482,1183.86,GrafoMaloEmiHeurEmi
485,484,4.18452,GrafoMaloEmiHeurNipo
485,482,1309.23,GrafoMaloEmiHeurEmi
485,484,4.17716,GrafoMaloEmiHeurNipo
485,482,1183.33,GrafoMaloEmiHeurEmi
485,484,4.1761,GrafoMaloEmiHeurNipo
485,482,1184.72,GrafoMaloEmiHeurEmi
485,484,4.18873,GrafoMaloEmiHeurNipo
485,482,1307.51,GrafoMaloEmiHeurEmi
485,484,4.18325,GrafoMaloEmiHeurNipo
485,482,1183.23,GrafoMaloEmiHeurEmi
485,484,4.18202,GrafoMaloEmiHeurNipo
485,482,1189.11,GrafoMaloEmiHeurEmi
485,484,4.18957,GrafoMaloEmiHeurNipo
485,482,1185.93,GrafoMaloEmiHeurEmi
486,485,4.24326,GrafoMaloEmiHeurNipo
486,483,1192.29,GrafoMaloEmiHeurEmi
486,485,4.21179,GrafoMaloEmiHeurNipo
486,483,1195.34,GrafoMaloEmiHeurEmi
486,485,4.24419,GrafoMaloEmiHeurNipo
486,483,1193.29,GrafoMaloEmiHeurEmi
486,485,5.77399,GrafoMaloEmiHeurNipo
486,483,1311.46,GrafoMaloEmiHeurEmi
486,485,4.20236,GrafoMaloEmiHeurNipo
486,483,1193.5,GrafoMaloEmiHeurEmi
486,485,4.2573,GrafoMaloEmiHeurNipo
486,483,1190.84,GrafoMaloEmiHeurEmi
486,485,4.20729,GrafoMaloEmiHeurNipo
486,483,1319.02,GrafoMaloEmiHeurEmi
486,485,4.24444,GrafoMaloEmiHeurNipo
486,483,1191.34,GrafoMaloEmiHeurEmi
486,485,4.21225,GrafoMaloEmiHeurNipo
486,483,1192.29,GrafoMaloEmiHeurEmi
486,485,4.2067,GrafoMaloEmiHeurNipo
486,483,1314.96,GrafoMaloEmiHeurEmi
486,485,4.20005,GrafoMaloEmiHeurNipo
486,483,1190.27,GrafoMaloEmiHeurEmi
486,485,4.7142,GrafoMaloEmiHeurNipo
486,483,1192.87,GrafoMaloEmiHeurEmi
486,485,4.40519,GrafoMaloEmiHeurNipo
486,483,1313.4,GrafoMaloEmiHeurEmi
486,485,4.20352,GrafoMaloEmiHeurNipo
486,483,1191.34,GrafoMaloEmiHeurEmi
486,485,4.19976,GrafoMaloEmiHeurNipo
486,483,1193,GrafoMaloEmiHeurEmi
486,485,4.21275,GrafoMaloEmiHeurNipo
486,483,1215.6,GrafoMaloEmiHeurEmi
486,485,4.20214,GrafoMaloEmiHeurNipo
486,483,1194.02,GrafoMaloEmiHeurEmi
486,485,4.20015,GrafoMaloEmiHeurNipo
486,483,1191.94,GrafoMaloEmiHeurEmi
486,485,4.25441,GrafoMaloEmiHeurNipo
486,483,1191.8,GrafoMaloEmiHeurEmi
486,485,4.20411,GrafoMaloEmiHeurNipo
486,483,1315.76,GrafoMaloEmiHeurEmi
486,485,4.21017,GrafoMaloEmiHeurNipo
486,483,1190.82,GrafoMaloEmiHeurEmi
486,485,4.21029,GrafoMaloEmiHeurNipo
486,483,1192.45,GrafoMaloEmiHeurEmi
486,485,4.20376,GrafoMaloEmiHeurNipo
486,483,1314.61,GrafoMaloEmiHeurEmi
486,485,4.20045,GrafoMaloEmiHeurNipo
486,483,1191.07,GrafoMaloEmiHeurEmi
486,485,4.21296,GrafoMaloEmiHeurNipo
486,483,1193.49,GrafoMaloEmiHeurEmi
487,486,4.2168,GrafoMaloEmiHeurNipo
487,484,1322.09,GrafoMaloEmiHeurEmi
487,486,4.21111,GrafoMaloEmiHeurNipo
487,484,1198.22,GrafoMaloEmiHeurEmi
487,486,4.22149,GrafoMaloEmiHeurNipo
487,484,1199.91,GrafoMaloEmiHeurEmi
487,486,4.21735,GrafoMaloEmiHeurNipo
487,484,1223.53,GrafoMaloEmiHeurEmi
487,486,5.78738,GrafoMaloEmiHeurNipo
487,484,1297.34,GrafoMaloEmiHeurEmi
487,486,4.21247,GrafoMaloEmiHeurNipo
487,484,1199.94,GrafoMaloEmiHeurEmi
487,486,4.22443,GrafoMaloEmiHeurNipo
487,484,1199.3,GrafoMaloEmiHeurEmi
487,486,4.2263,GrafoMaloEmiHeurNipo
487,484,1322.73,GrafoMaloEmiHeurEmi
487,486,4.21779,GrafoMaloEmiHeurNipo
487,484,1198.68,GrafoMaloEmiHeurEmi
487,486,4.21782,GrafoMaloEmiHeurNipo
487,484,1198.71,GrafoMaloEmiHeurEmi
487,486,4.26213,GrafoMaloEmiHeurNipo
487,484,1322.89,GrafoMaloEmiHeurEmi
487,486,4.21669,GrafoMaloEmiHeurNipo
487,484,1198.58,GrafoMaloEmiHeurEmi
487,486,4.2293,GrafoMaloEmiHeurNipo
487,484,1199.26,GrafoMaloEmiHeurEmi
487,486,4.22435,GrafoMaloEmiHeurNipo
487,484,1320.61,GrafoMaloEmiHeurEmi
487,486,4.2149,GrafoMaloEmiHeurNipo
487,484,1198.19,GrafoMaloEmiHeurEmi
487,486,4.27951,GrafoMaloEmiHeurNipo
487,484,1199.77,GrafoMaloEmiHeurEmi
487,486,4.23039,GrafoMaloEmiHeurNipo
487,484,1282.06,GrafoMaloEmiHeurEmi
487,486,5.77135,GrafoMaloEmiHeurNipo
487,484,1236.32,GrafoMaloEmiHeurEmi
487,486,4.22359,GrafoMaloEmiHeurNipo
487,484,1198.72,GrafoMaloEmiHeurEmi
487,486,4.25512,GrafoMaloEmiHeurNipo
487,484,1204.83,GrafoMaloEmiHeurEmi
487,486,4.2153,GrafoMaloEmiHeurNipo
487,484,1324.36,GrafoMaloEmiHeurEmi
487,486,4.22526,GrafoMaloEmiHeurNipo
487,484,1198.77,GrafoMaloEmiHeurEmi
487,486,4.30997,GrafoMaloEmiHeurNipo
487,484,1198.49,GrafoMaloEmiHeurEmi
487,486,4.21804,GrafoMaloEmiHeurNipo
487,484,1200.87,GrafoMaloEmiHeurEmi
487,486,4.22315,GrafoMaloEmiHeurNipo
487,484,1203.16,GrafoMaloEmiHeurEmi
488,487,4.24018,GrafoMaloEmiHeurNipo
488,485,1208.89,GrafoMaloEmiHeurEmi
488,487,4.24721,GrafoMaloEmiHeurNipo
488,485,1208.91,GrafoMaloEmiHeurEmi
488,487,4.28543,GrafoMaloEmiHeurNipo
488,485,1208.22,GrafoMaloEmiHeurEmi
488,487,4.23678,GrafoMaloEmiHeurNipo
488,485,1210.17,GrafoMaloEmiHeurEmi
488,487,4.2419,GrafoMaloEmiHeurNipo
488,485,1210.13,GrafoMaloEmiHeurEmi
488,487,4.23889,GrafoMaloEmiHeurNipo
488,485,1207.77,GrafoMaloEmiHeurEmi
488,487,4.27913,GrafoMaloEmiHeurNipo
488,485,1206.55,GrafoMaloEmiHeurEmi
488,487,4.22922,GrafoMaloEmiHeurNipo
488,485,1206.9,GrafoMaloEmiHeurEmi
488,487,4.28305,GrafoMaloEmiHeurNipo
488,485,1206.89,GrafoMaloEmiHeurEmi
488,487,4.24369,GrafoMaloEmiHeurNipo
488,485,1206.52,GrafoMaloEmiHeurEmi
488,487,4.24037,GrafoMaloEmiHeurNipo
488,485,1208.27,GrafoMaloEmiHeurEmi
488,487,4.2316,GrafoMaloEmiHeurNipo
488,485,1206.92,GrafoMaloEmiHeurEmi
488,487,4.24847,GrafoMaloEmiHeurNipo
488,485,1206.37,GrafoMaloEmiHeurEmi
488,487,4.2424,GrafoMaloEmiHeurNipo
488,485,1210.46,GrafoMaloEmiHeurEmi
488,487,4.23101,GrafoMaloEmiHeurNipo
488,485,1209,GrafoMaloEmiHeurEmi
488,487,4.23177,GrafoMaloEmiHeurNipo
488,485,1208.66,GrafoMaloEmiHeurEmi
488,487,4.23013,GrafoMaloEmiHeurNipo
488,485,1207.28,GrafoMaloEmiHeurEmi
488,487,4.23602,GrafoMaloEmiHeurNipo
488,485,1206.75,GrafoMaloEmiHeurEmi
488,487,4.23248,GrafoMaloEmiHeurNipo
488,485,1207.53,GrafoMaloEmiHeurEmi
488,487,4.2438,GrafoMaloEmiHeurNipo
488,485,1206.69,GrafoMaloEmiHeurEmi
488,487,4.24234,GrafoMaloEmiHeurNipo
488,485,1207.82,GrafoMaloEmiHeurEmi
488,487,4.23704,GrafoMaloEmiHeurNipo
488,485,1208.35,GrafoMaloEmiHeurEmi
488,487,4.2514,GrafoMaloEmiHeurNipo
488,485,1206.02,GrafoMaloEmiHeurEmi
488,487,4.24415,GrafoMaloEmiHeurNipo
488,485,1207.6,GrafoMaloEmiHeurEmi
488,487,4.23866,GrafoMaloEmiHeurNipo
488,485,1206.39,GrafoMaloEmiHeurEmi
489,488,4.25209,GrafoMaloEmiHeurNipo
489,486,1214.76,GrafoMaloEmiHeurEmi
489,488,4.25036,GrafoMaloEmiHeurNipo
489,486,1215.33,GrafoMaloEmiHeurEmi
489,488,4.25753,GrafoMaloEmiHeurNipo
489,486,1213.86,GrafoMaloEmiHeurEmi
489,488,4.25168,GrafoMaloEmiHeurNipo
489,486,1215.17,GrafoMaloEmiHeurEmi
489,488,4.25914,GrafoMaloEmiHeurNipo
489,486,1215.92,GrafoMaloEmiHeurEmi
489,488,4.25552,GrafoMaloEmiHeurNipo
489,486,1215.18,GrafoMaloEmiHeurEmi
489,488,4.25382,GrafoMaloEmiHeurNipo
489,486,1215.34,GrafoMaloEmiHeurEmi
489,488,4.26363,GrafoMaloEmiHeurNipo
489,486,1214.09,GrafoMaloEmiHeurEmi
489,488,4.26329,GrafoMaloEmiHeurNipo
489,486,1215.13,GrafoMaloEmiHeurEmi
489,488,4.27325,GrafoMaloEmiHeurNipo
489,486,1215.22,GrafoMaloEmiHeurEmi
489,488,4.25474,GrafoMaloEmiHeurNipo
489,486,1215.9,GrafoMaloEmiHeurEmi
489,488,4.29183,GrafoMaloEmiHeurNipo
489,486,1216.07,GrafoMaloEmiHeurEmi
489,488,4.25155,GrafoMaloEmiHeurNipo
489,486,1214.57,GrafoMaloEmiHeurEmi
489,488,4.25624,GrafoMaloEmiHeurNipo
489,486,1219.85,GrafoMaloEmiHeurEmi
489,488,4.26212,GrafoMaloEmiHeurNipo
489,486,1216.82,GrafoMaloEmiHeurEmi
489,488,4.24219,GrafoMaloEmiHeurNipo
489,486,1214.44,GrafoMaloEmiHeurEmi
489,488,4.25189,GrafoMaloEmiHeurNipo
489,486,1214.75,GrafoMaloEmiHeurEmi
489,488,4.24629,GrafoMaloEmiHeurNipo
489,486,1214.84,GrafoMaloEmiHeurEmi
489,488,4.30363,GrafoMaloEmiHeurNipo
489,486,1214.36,GrafoMaloEmiHeurEmi
489,488,4.25575,GrafoMaloEmiHeurNipo
489,486,1215.44,GrafoMaloEmiHeurEmi
489,488,4.25331,GrafoMaloEmiHeurNipo
489,486,1213.3,GrafoMaloEmiHeurEmi
489,488,4.2929,GrafoMaloEmiHeurNipo
489,486,1216.51,GrafoMaloEmiHeurEmi
489,488,4.251,GrafoMaloEmiHeurNipo
489,486,1216.28,GrafoMaloEmiHeurEmi
489,488,4.25242,GrafoMaloEmiHeurNipo
489,486,1213.11,GrafoMaloEmiHeurEmi
489,488,4.24744,GrafoMaloEmiHeurNipo
489,486,1214.85,GrafoMaloEmiHeurEmi
490,489,4.27848,GrafoMaloEmiHeurNipo
490,487,1221.55,GrafoMaloEmiHeurEmi
490,489,4.26826,GrafoMaloEmiHeurNipo
490,487,1222.65,GrafoMaloEmiHeurEmi
490,489,4.27831,GrafoMaloEmiHeurNipo
490,487,1222.83,GrafoMaloEmiHeurEmi
490,489,4.27794,GrafoMaloEmiHeurNipo
490,487,1220.93,GrafoMaloEmiHeurEmi
490,489,4.27207,GrafoMaloEmiHeurNipo
490,487,1222.36,GrafoMaloEmiHeurEmi
490,489,4.28562,GrafoMaloEmiHeurNipo
490,487,1221.2,GrafoMaloEmiHeurEmi
490,489,4.26888,GrafoMaloEmiHeurNipo
490,487,1222.41,GrafoMaloEmiHeurEmi
490,489,4.2742,GrafoMaloEmiHeurNipo
490,487,1221.99,GrafoMaloEmiHeurEmi
490,489,4.27701,GrafoMaloEmiHeurNipo
490,487,1221.58,GrafoMaloEmiHeurEmi
490,489,4.27237,GrafoMaloEmiHeurNipo
490,487,1222.66,GrafoMaloEmiHeurEmi
490,489,4.27385,GrafoMaloEmiHeurNipo
490,487,1222.09,GrafoMaloEmiHeurEmi
490,489,4.27047,GrafoMaloEmiHeurNipo
490,487,1221.66,GrafoMaloEmiHeurEmi
490,489,4.31925,GrafoMaloEmiHeurNipo
490,487,1222.48,GrafoMaloEmiHeurEmi
490,489,4.27486,GrafoMaloEmiHeurNipo
490,487,1222.42,GrafoMaloEmiHeurEmi
490,489,4.312,GrafoMaloEmiHeurNipo
490,487,1226.69,GrafoMaloEmiHeurEmi
490,489,4.31385,GrafoMaloEmiHeurNipo
490,487,1224.13,GrafoMaloEmiHeurEmi
490,489,4.32511,GrafoMaloEmiHeurNipo
490,487,1221.9,GrafoMaloEmiHeurEmi
490,489,4.42755,GrafoMaloEmiHeurNipo
490,487,1222.84,GrafoMaloEmiHeurEmi
490,489,4.27143,GrafoMaloEmiHeurNipo
490,487,1222.63,GrafoMaloEmiHeurEmi
490,489,4.27282,GrafoMaloEmiHeurNipo
490,487,1222.89,GrafoMaloEmiHeurEmi
490,489,4.27764,GrafoMaloEmiHeurNipo
490,487,1222.47,GrafoMaloEmiHeurEmi
490,489,4.27967,GrafoMaloEmiHeurNipo
490,487,1221.19,GrafoMaloEmiHeurEmi
490,489,4.2759,GrafoMaloEmiHeurNipo
490,487,1223.14,GrafoMaloEmiHeurEmi
490,489,4.28155,GrafoMaloEmiHeurNipo
490,487,1222.06,GrafoMaloEmiHeurEmi
490,489,4.27458,GrafoMaloEmiHeurNipo
490,487,1221.17,GrafoMaloEmiHeurEmi
491,490,4.3261,GrafoMaloEmiHeurNipo
491,488,1232.18,GrafoMaloEmiHeurEmi
491,490,4.29292,GrafoMaloEmiHeurNipo
491,488,1229.64,GrafoMaloEmiHeurEmi
491,490,4.27987,GrafoMaloEmiHeurNipo
491,488,1230.74,GrafoMaloEmiHeurEmi
491,490,4.29791,GrafoMaloEmiHeurNipo
491,488,1229.99,GrafoMaloEmiHeurEmi
491,490,4.29696,GrafoMaloEmiHeurNipo
491,488,1228.82,GrafoMaloEmiHeurEmi
491,490,4.29777,GrafoMaloEmiHeurNipo
491,488,1229.88,GrafoMaloEmiHeurEmi
491,490,4.33584,GrafoMaloEmiHeurNipo
491,488,1229.09,GrafoMaloEmiHeurEmi
491,490,4.28683,GrafoMaloEmiHeurNipo
491,488,1229.95,GrafoMaloEmiHeurEmi
491,490,4.2857,GrafoMaloEmiHeurNipo
491,488,1229.88,GrafoMaloEmiHeurEmi
491,490,4.28897,GrafoMaloEmiHeurNipo
491,488,1229.16,GrafoMaloEmiHeurEmi
491,490,4.29214,GrafoMaloEmiHeurNipo
491,488,1230.36,GrafoMaloEmiHeurEmi
491,490,4.29641,GrafoMaloEmiHeurNipo
491,488,1229.82,GrafoMaloEmiHeurEmi
491,490,4.329,GrafoMaloEmiHeurNipo
491,488,1229.27,GrafoMaloEmiHeurEmi
491,490,4.29288,GrafoMaloEmiHeurNipo
491,488,1229.94,GrafoMaloEmiHeurEmi
491,490,4.36159,GrafoMaloEmiHeurNipo
491,488,1230.42,GrafoMaloEmiHeurEmi
491,490,4.29692,GrafoMaloEmiHeurNipo
491,488,1229.1,GrafoMaloEmiHeurEmi
491,490,4.28808,GrafoMaloEmiHeurNipo
491,488,1234.93,GrafoMaloEmiHeurEmi
491,490,4.29206,GrafoMaloEmiHeurNipo
491,488,1229.05,GrafoMaloEmiHeurEmi
491,490,4.28581,GrafoMaloEmiHeurNipo
491,488,1238.27,GrafoMaloEmiHeurEmi
491,490,4.28588,GrafoMaloEmiHeurNipo
491,488,1229.54,GrafoMaloEmiHeurEmi
491,490,4.51287,GrafoMaloEmiHeurNipo
491,488,1229.84,GrafoMaloEmiHeurEmi
491,490,4.29105,GrafoMaloEmiHeurNipo
491,488,1231.03,GrafoMaloEmiHeurEmi
491,490,4.28431,GrafoMaloEmiHeurNipo
491,488,1235.86,GrafoMaloEmiHeurEmi
491,490,4.47032,GrafoMaloEmiHeurNipo
491,488,1231.16,GrafoMaloEmiHeurEmi
491,490,4.34174,GrafoMaloEmiHeurNipo
491,488,1232.99,GrafoMaloEmiHeurEmi
492,491,4.31058,GrafoMaloEmiHeurNipo
492,489,1238.64,GrafoMaloEmiHeurEmi
492,491,4.31158,GrafoMaloEmiHeurNipo
492,489,1248.82,GrafoMaloEmiHeurEmi
492,491,4.42895,GrafoMaloEmiHeurNipo
492,489,1239.37,GrafoMaloEmiHeurEmi
492,491,4.31757,GrafoMaloEmiHeurNipo
492,489,1241.09,GrafoMaloEmiHeurEmi
492,491,4.31615,GrafoMaloEmiHeurNipo
492,489,1237.98,GrafoMaloEmiHeurEmi
492,491,4.31675,GrafoMaloEmiHeurNipo
492,489,1236.58,GrafoMaloEmiHeurEmi
492,491,4.30605,GrafoMaloEmiHeurNipo
492,489,1237.7,GrafoMaloEmiHeurEmi
492,491,4.35568,GrafoMaloEmiHeurNipo
492,489,1237.82,GrafoMaloEmiHeurEmi
492,491,4.31105,GrafoMaloEmiHeurNipo
492,489,1237.41,GrafoMaloEmiHeurEmi
492,491,4.31145,GrafoMaloEmiHeurNipo
492,489,1237.84,GrafoMaloEmiHeurEmi
492,491,4.31093,GrafoMaloEmiHeurNipo
492,489,1236.26,GrafoMaloEmiHeurEmi
492,491,4.30097,GrafoMaloEmiHeurNipo
492,489,1238.44,GrafoMaloEmiHeurEmi
492,491,4.31498,GrafoMaloEmiHeurNipo
492,489,1238.72,GrafoMaloEmiHeurEmi
492,491,4.31385,GrafoMaloEmiHeurNipo
492,489,1237.19,GrafoMaloEmiHeurEmi
492,491,4.30129,GrafoMaloEmiHeurNipo
492,489,1238.45,GrafoMaloEmiHeurEmi
492,491,4.31467,GrafoMaloEmiHeurNipo
492,489,1236.84,GrafoMaloEmiHeurEmi
492,491,4.30905,GrafoMaloEmiHeurNipo
492,489,1236.46,GrafoMaloEmiHeurEmi
492,491,4.34319,GrafoMaloEmiHeurNipo
492,489,1238.3,GrafoMaloEmiHeurEmi
492,491,4.29545,GrafoMaloEmiHeurNipo
492,489,1236.54,GrafoMaloEmiHeurEmi
492,491,4.30049,GrafoMaloEmiHeurNipo
492,489,1237.82,GrafoMaloEmiHeurEmi
492,491,4.35034,GrafoMaloEmiHeurNipo
492,489,1236.69,GrafoMaloEmiHeurEmi
492,491,4.30777,GrafoMaloEmiHeurNipo
492,489,1238.75,GrafoMaloEmiHeurEmi
492,491,4.31335,GrafoMaloEmiHeurNipo
492,489,1239.91,GrafoMaloEmiHeurEmi
492,491,4.306,GrafoMaloEmiHeurNipo
492,489,1237.35,GrafoMaloEmiHeurEmi
492,491,4.30183,GrafoMaloEmiHeurNipo
492,489,1236.68,GrafoMaloEmiHeurEmi
493,492,4.41643,GrafoMaloEmiHeurNipo
493,490,1246.37,GrafoMaloEmiHeurEmi
493,492,4.41567,GrafoMaloEmiHeurNipo
493,490,1243.9,GrafoMaloEmiHeurEmi
493,492,4.40597,GrafoMaloEmiHeurNipo
493,490,1244.8,GrafoMaloEmiHeurEmi
493,492,4.41097,GrafoMaloEmiHeurNipo
493,490,1245.65,GrafoMaloEmiHeurEmi
493,492,4.41416,GrafoMaloEmiHeurNipo
493,490,1243.89,GrafoMaloEmiHeurEmi
493,492,4.41737,GrafoMaloEmiHeurNipo
493,490,1245.4,GrafoMaloEmiHeurEmi
493,492,4.42196,GrafoMaloEmiHeurNipo
493,490,1244.9,GrafoMaloEmiHeurEmi
493,492,4.40936,GrafoMaloEmiHeurNipo
493,490,1244.89,GrafoMaloEmiHeurEmi
493,492,4.46103,GrafoMaloEmiHeurNipo
493,490,1246.5,GrafoMaloEmiHeurEmi
493,492,4.41553,GrafoMaloEmiHeurNipo
493,490,1244.12,GrafoMaloEmiHeurEmi
493,492,4.42058,GrafoMaloEmiHeurNipo
493,490,1245.05,GrafoMaloEmiHeurEmi
493,492,4.40811,GrafoMaloEmiHeurNipo
493,490,1244.93,GrafoMaloEmiHeurEmi
493,492,4.40811,GrafoMaloEmiHeurNipo
493,490,1244.72,GrafoMaloEmiHeurEmi
493,492,4.42239,GrafoMaloEmiHeurNipo
493,490,1244.64,GrafoMaloEmiHeurEmi
493,492,4.41117,GrafoMaloEmiHeurNipo
493,490,1244.42,GrafoMaloEmiHeurEmi
493,492,4.41427,GrafoMaloEmiHeurNipo
493,490,1244.24,GrafoMaloEmiHeurEmi
493,492,4.41947,GrafoMaloEmiHeurNipo
493,490,1243.89,GrafoMaloEmiHeurEmi
493,492,4.46393,GrafoMaloEmiHeurNipo
493,490,1247.27,GrafoMaloEmiHeurEmi
493,492,4.41408,GrafoMaloEmiHeurNipo
493,490,1245.45,GrafoMaloEmiHeurEmi
493,492,4.40756,GrafoMaloEmiHeurNipo
493,490,1245.27,GrafoMaloEmiHeurEmi
493,492,4.41747,GrafoMaloEmiHeurNipo
493,490,1243.75,GrafoMaloEmiHeurEmi
493,492,4.42695,GrafoMaloEmiHeurNipo
493,490,1244.49,GrafoMaloEmiHeurEmi
493,492,4.41751,GrafoMaloEmiHeurNipo
493,490,1244.2,GrafoMaloEmiHeurEmi
493,492,4.42453,GrafoMaloEmiHeurNipo
493,490,1244.53,GrafoMaloEmiHeurEmi
493,492,4.43702,GrafoMaloEmiHeurNipo
493,490,1246.87,GrafoMaloEmiHeurEmi
494,493,4.355,GrafoMaloEmiHeurNipo
494,491,1253.99,GrafoMaloEmiHeurEmi
494,493,4.34662,GrafoMaloEmiHeurNipo
494,491,1252.91,GrafoMaloEmiHeurEmi
494,493,4.34023,GrafoMaloEmiHeurNipo
494,491,1251.51,GrafoMaloEmiHeurEmi
494,493,4.34674,GrafoMaloEmiHeurNipo
494,491,1251.41,GrafoMaloEmiHeurEmi
494,493,4.38587,GrafoMaloEmiHeurNipo
494,491,1251.92,GrafoMaloEmiHeurEmi
494,493,4.33671,GrafoMaloEmiHeurNipo
494,491,1252.05,GrafoMaloEmiHeurEmi
494,493,4.58695,GrafoMaloEmiHeurNipo
494,491,1251.89,GrafoMaloEmiHeurEmi
494,493,4.38213,GrafoMaloEmiHeurNipo
494,491,1253.95,GrafoMaloEmiHeurEmi
494,493,4.33277,GrafoMaloEmiHeurNipo
494,491,1251.75,GrafoMaloEmiHeurEmi
494,493,4.34477,GrafoMaloEmiHeurNipo
494,491,1253.61,GrafoMaloEmiHeurEmi
494,493,4.3652,GrafoMaloEmiHeurNipo
494,491,1253.62,GrafoMaloEmiHeurEmi
494,493,4.3496,GrafoMaloEmiHeurNipo
494,491,1253.01,GrafoMaloEmiHeurEmi
494,493,4.34334,GrafoMaloEmiHeurNipo
494,491,1252.48,GrafoMaloEmiHeurEmi
494,493,4.34511,GrafoMaloEmiHeurNipo
494,491,1252.9,GrafoMaloEmiHeurEmi
494,493,4.35187,GrafoMaloEmiHeurNipo
494,491,1251.34,GrafoMaloEmiHeurEmi
494,493,4.34487,GrafoMaloEmiHeurNipo
494,491,1253.3,GrafoMaloEmiHeurEmi
494,493,4.35387,GrafoMaloEmiHeurNipo
494,491,1251.39,GrafoMaloEmiHeurEmi
494,493,4.34429,GrafoMaloEmiHeurNipo
494,491,1251.95,GrafoMaloEmiHeurEmi
494,493,4.35241,GrafoMaloEmiHeurNipo
494,491,1251.76,GrafoMaloEmiHeurEmi
494,493,4.34259,GrafoMaloEmiHeurNipo
494,491,1250.89,GrafoMaloEmiHeurEmi
494,493,4.33908,GrafoMaloEmiHeurNipo
494,491,1252.13,GrafoMaloEmiHeurEmi
494,493,4.38403,GrafoMaloEmiHeurNipo
494,491,1252.7,GrafoMaloEmiHeurEmi
494,493,4.33662,GrafoMaloEmiHeurNipo
494,491,1256,GrafoMaloEmiHeurEmi
494,493,4.33416,GrafoMaloEmiHeurNipo
494,491,1267.97,GrafoMaloEmiHeurEmi
494,493,4.72753,GrafoMaloEmiHeurNipo
494,491,1263.04,GrafoMaloEmiHeurEmi
495,494,4.35863,GrafoMaloEmiHeurNipo
495,492,1316.95,GrafoMaloEmiHeurEmi
495,494,4.86853,GrafoMaloEmiHeurNipo
495,492,1271.22,GrafoMaloEmiHeurEmi
495,494,4.36859,GrafoMaloEmiHeurNipo
495,492,1264.62,GrafoMaloEmiHeurEmi
495,494,4.3631,GrafoMaloEmiHeurNipo
495,492,1265.74,GrafoMaloEmiHeurEmi
495,494,4.41685,GrafoMaloEmiHeurNipo
495,492,1264.56,GrafoMaloEmiHeurEmi
495,494,4.42516,GrafoMaloEmiHeurNipo
495,492,1264.11,GrafoMaloEmiHeurEmi
495,494,4.36758,GrafoMaloEmiHeurNipo
495,492,1265.78,GrafoMaloEmiHeurEmi
495,494,4.36768,GrafoMaloEmiHeurNipo
495,492,1264.87,GrafoMaloEmiHeurEmi
495,494,4.42737,GrafoMaloEmiHeurNipo
495,492,1264.34,GrafoMaloEmiHeurEmi
495,494,4.36593,GrafoMaloEmiHeurNipo
495,492,1277.74,GrafoMaloEmiHeurEmi
495,494,4.36229,GrafoMaloEmiHeurNipo
495,492,1259.38,GrafoMaloEmiHeurEmi
495,494,4.35341,GrafoMaloEmiHeurNipo
495,492,1258.64,GrafoMaloEmiHeurEmi
495,494,4.3489,GrafoMaloEmiHeurNipo
495,492,1260.07,GrafoMaloEmiHeurEmi
495,494,4.35944,GrafoMaloEmiHeurNipo
495,492,1258.46,GrafoMaloEmiHeurEmi
495,494,4.35618,GrafoMaloEmiHeurNipo
495,492,1259.41,GrafoMaloEmiHeurEmi
495,494,4.34597,GrafoMaloEmiHeurNipo
495,492,1259.86,GrafoMaloEmiHeurEmi
495,494,4.3612,GrafoMaloEmiHeurNipo
495,492,1259.77,GrafoMaloEmiHeurEmi
495,494,4.45782,GrafoMaloEmiHeurNipo
495,492,1262.68,GrafoMaloEmiHeurEmi
495,494,4.3548,GrafoMaloEmiHeurNipo
495,492,1263.02,GrafoMaloEmiHeurEmi
495,494,4.36693,GrafoMaloEmiHeurNipo
495,492,1260.68,GrafoMaloEmiHeurEmi
495,494,4.38796,GrafoMaloEmiHeurNipo
495,492,1261.32,GrafoMaloEmiHeurEmi
495,494,4.35411,GrafoMaloEmiHeurNipo
495,492,1261.29,GrafoMaloEmiHeurEmi
495,494,4.36139,GrafoMaloEmiHeurNipo
495,492,1264.01,GrafoMaloEmiHeurEmi
495,494,4.36682,GrafoMaloEmiHeurNipo
495,492,1260.16,GrafoMaloEmiHeurEmi
495,494,4.35352,GrafoMaloEmiHeurNipo
495,492,1258.96,GrafoMaloEmiHeurEmi
496,495,4.37286,GrafoMaloEmiHeurNipo
496,493,1268.69,GrafoMaloEmiHeurEmi
496,495,4.37192,GrafoMaloEmiHeurNipo
496,493,1266.46,GrafoMaloEmiHeurEmi
496,495,4.38005,GrafoMaloEmiHeurNipo
496,493,1265.72,GrafoMaloEmiHeurEmi
496,495,4.36941,GrafoMaloEmiHeurNipo
496,493,1266.74,GrafoMaloEmiHeurEmi
496,495,4.37273,GrafoMaloEmiHeurNipo
496,493,1266.54,GrafoMaloEmiHeurEmi
496,495,4.37909,GrafoMaloEmiHeurNipo
496,493,1266.98,GrafoMaloEmiHeurEmi
496,495,4.38164,GrafoMaloEmiHeurNipo
496,493,1272.55,GrafoMaloEmiHeurEmi
496,495,4.37412,GrafoMaloEmiHeurNipo
496,493,1268.62,GrafoMaloEmiHeurEmi
496,495,4.38502,GrafoMaloEmiHeurNipo
496,493,1268.01,GrafoMaloEmiHeurEmi
496,495,4.37147,GrafoMaloEmiHeurNipo
496,493,1267.81,GrafoMaloEmiHeurEmi
496,495,4.40952,GrafoMaloEmiHeurNipo
496,493,1265.65,GrafoMaloEmiHeurEmi
496,495,4.38094,GrafoMaloEmiHeurNipo
496,493,1268.32,GrafoMaloEmiHeurEmi
496,495,4.37423,GrafoMaloEmiHeurNipo
496,493,1268.44,GrafoMaloEmiHeurEmi
496,495,4.40766,GrafoMaloEmiHeurNipo
496,493,1267.55,GrafoMaloEmiHeurEmi
496,495,4.41924,GrafoMaloEmiHeurNipo
496,493,1268.14,GrafoMaloEmiHeurEmi
496,495,4.42279,GrafoMaloEmiHeurNipo
496,493,1266.71,GrafoMaloEmiHeurEmi
496,495,4.37,GrafoMaloEmiHeurNipo
496,493,1266.48,GrafoMaloEmiHeurEmi
496,495,4.3829,GrafoMaloEmiHeurNipo
496,493,1267.32,GrafoMaloEmiHeurEmi
496,495,4.37169,GrafoMaloEmiHeurNipo
496,493,1266.43,GrafoMaloEmiHeurEmi
496,495,4.38174,GrafoMaloEmiHeurNipo
496,493,1266.58,GrafoMaloEmiHeurEmi
496,495,4.38555,GrafoMaloEmiHeurNipo
496,493,1267.21,GrafoMaloEmiHeurEmi
496,495,4.38278,GrafoMaloEmiHeurNipo
496,493,1265.63,GrafoMaloEmiHeurEmi
496,495,4.38487,GrafoMaloEmiHeurNipo
496,493,1268.65,GrafoMaloEmiHeurEmi
496,495,4.43469,GrafoMaloEmiHeurNipo
496,493,1267.9,GrafoMaloEmiHeurEmi
496,495,4.37621,GrafoMaloEmiHeurNipo
496,493,1265.74,GrafoMaloEmiHeurEmi
497,496,4.40039,GrafoMaloEmiHeurNipo
497,494,1275.12,GrafoMaloEmiHeurEmi
497,496,4.38646,GrafoMaloEmiHeurNipo
497,494,1274.11,GrafoMaloEmiHeurEmi
497,496,4.38566,GrafoMaloEmiHeurNipo
497,494,1274.94,GrafoMaloEmiHeurEmi
497,496,4.38287,GrafoMaloEmiHeurNipo
497,494,1276.71,GrafoMaloEmiHeurEmi
497,496,4.38335,GrafoMaloEmiHeurNipo
497,494,1274.11,GrafoMaloEmiHeurEmi
497,496,4.41892,GrafoMaloEmiHeurNipo
497,494,1273.63,GrafoMaloEmiHeurEmi
497,496,4.38251,GrafoMaloEmiHeurNipo
497,494,1274.07,GrafoMaloEmiHeurEmi
497,496,4.39332,GrafoMaloEmiHeurNipo
497,494,1273.56,GrafoMaloEmiHeurEmi
497,496,4.39253,GrafoMaloEmiHeurNipo
497,494,1274.39,GrafoMaloEmiHeurEmi
497,496,4.38451,GrafoMaloEmiHeurNipo
497,494,1273.19,GrafoMaloEmiHeurEmi
497,496,4.4002,GrafoMaloEmiHeurNipo
497,494,1273.14,GrafoMaloEmiHeurEmi
497,496,4.38683,GrafoMaloEmiHeurNipo
497,494,1274.14,GrafoMaloEmiHeurEmi
497,496,4.38964,GrafoMaloEmiHeurNipo
497,494,1273.3,GrafoMaloEmiHeurEmi
497,496,4.38607,GrafoMaloEmiHeurNipo
497,494,1273.6,GrafoMaloEmiHeurEmi
497,496,4.38674,GrafoMaloEmiHeurNipo
497,494,1273.43,GrafoMaloEmiHeurEmi
497,496,4.40939,GrafoMaloEmiHeurNipo
497,494,1273.68,GrafoMaloEmiHeurEmi
497,496,4.38604,GrafoMaloEmiHeurNipo
497,494,1273.67,GrafoMaloEmiHeurEmi
497,496,4.3884,GrafoMaloEmiHeurNipo
497,494,1398.86,GrafoMaloEmiHeurEmi
497,496,4.39074,GrafoMaloEmiHeurNipo
497,494,1275.21,GrafoMaloEmiHeurEmi
497,496,4.44101,GrafoMaloEmiHeurNipo
497,494,1273.52,GrafoMaloEmiHeurEmi
497,496,4.40089,GrafoMaloEmiHeurNipo
497,494,1273.32,GrafoMaloEmiHeurEmi
497,496,4.38513,GrafoMaloEmiHeurNipo
497,494,1273.15,GrafoMaloEmiHeurEmi
497,496,4.39109,GrafoMaloEmiHeurNipo
497,494,1274.35,GrafoMaloEmiHeurEmi
497,496,4.39138,GrafoMaloEmiHeurNipo
497,494,1274.09,GrafoMaloEmiHeurEmi
497,496,4.38684,GrafoMaloEmiHeurNipo
497,494,1272.77,GrafoMaloEmiHeurEmi
498,497,4.41877,GrafoMaloEmiHeurNipo
498,495,1283.13,GrafoMaloEmiHeurEmi
498,497,4.41178,GrafoMaloEmiHeurNipo
498,495,1280.71,GrafoMaloEmiHeurEmi
498,497,4.40068,GrafoMaloEmiHeurNipo
498,495,1280.57,GrafoMaloEmiHeurEmi
498,497,4.41779,GrafoMaloEmiHeurNipo
498,495,1281.48,GrafoMaloEmiHeurEmi
498,497,4.40551,GrafoMaloEmiHeurNipo
498,495,1282.85,GrafoMaloEmiHeurEmi
498,497,4.4517,GrafoMaloEmiHeurNipo
498,495,1285.1,GrafoMaloEmiHeurEmi
498,497,4.41394,GrafoMaloEmiHeurNipo
498,495,1282.17,GrafoMaloEmiHeurEmi
498,497,4.40909,GrafoMaloEmiHeurNipo
498,495,1282.05,GrafoMaloEmiHeurEmi
498,497,4.40585,GrafoMaloEmiHeurNipo
498,495,1280.85,GrafoMaloEmiHeurEmi
498,497,4.41463,GrafoMaloEmiHeurNipo
498,495,1281.73,GrafoMaloEmiHeurEmi
498,497,4.40965,GrafoMaloEmiHeurNipo
498,495,1282.42,GrafoMaloEmiHeurEmi
498,497,4.40697,GrafoMaloEmiHeurNipo
498,495,1281.69,GrafoMaloEmiHeurEmi
498,497,4.41305,GrafoMaloEmiHeurNipo
498,495,1280.66,GrafoMaloEmiHeurEmi
498,497,4.41814,GrafoMaloEmiHeurNipo
498,495,1280.83,GrafoMaloEmiHeurEmi
498,497,4.42095,GrafoMaloEmiHeurNipo
498,495,1280.57,GrafoMaloEmiHeurEmi
498,497,4.41322,GrafoMaloEmiHeurNipo
498,495,1280.79,GrafoMaloEmiHeurEmi
498,497,4.43147,GrafoMaloEmiHeurNipo
498,495,1282.09,GrafoMaloEmiHeurEmi
498,497,4.46896,GrafoMaloEmiHeurNipo
498,495,1281.43,GrafoMaloEmiHeurEmi
498,497,4.41467,GrafoMaloEmiHeurNipo
498,495,1281.75,GrafoMaloEmiHeurEmi
498,497,4.42251,GrafoMaloEmiHeurNipo
498,495,1281.35,GrafoMaloEmiHeurEmi
498,497,4.42037,GrafoMaloEmiHeurNipo
498,495,1406.01,GrafoMaloEmiHeurEmi
498,497,4.42404,GrafoMaloEmiHeurNipo
498,495,1281.6,GrafoMaloEmiHeurEmi
498,497,4.41772,GrafoMaloEmiHeurNipo
498,495,1280.85,GrafoMaloEmiHeurEmi
498,497,4.41136,GrafoMaloEmiHeurNipo
498,495,1281.11,GrafoMaloEmiHeurEmi
498,497,4.4308,GrafoMaloEmiHeurNipo
498,495,1286.14,GrafoMaloEmiHeurEmi
499,498,4.42537,GrafoMaloEmiHeurNipo
499,496,1290.56,GrafoMaloEmiHeurEmi
499,498,4.50312,GrafoMaloEmiHeurNipo
499,496,1289.31,GrafoMaloEmiHeurEmi
499,498,4.41873,GrafoMaloEmiHeurNipo
499,496,1288.94,GrafoMaloEmiHeurEmi
499,498,4.47044,GrafoMaloEmiHeurNipo
499,496,1290.33,GrafoMaloEmiHeurEmi
499,498,4.42134,GrafoMaloEmiHeurNipo
499,496,1289.45,GrafoMaloEmiHeurEmi
499,498,4.43513,GrafoMaloEmiHeurNipo
499,496,1288.2,GrafoMaloEmiHeurEmi
499,498,4.42401,GrafoMaloEmiHeurNipo
499,496,1289.62,GrafoMaloEmiHeurEmi
499,498,4.42741,GrafoMaloEmiHeurNipo
499,496,1290.75,GrafoMaloEmiHeurEmi
499,498,4.47126,GrafoMaloEmiHeurNipo
499,496,1290.97,GrafoMaloEmiHeurEmi
499,498,4.43235,GrafoMaloEmiHeurNipo
499,496,1289.59,GrafoMaloEmiHeurEmi
499,498,4.42939,GrafoMaloEmiHeurNipo
499,496,1291.11,GrafoMaloEmiHeurEmi
499,498,4.49691,GrafoMaloEmiHeurNipo
499,496,1294.4,GrafoMaloEmiHeurEmi
499,498,4.42645,GrafoMaloEmiHeurNipo
499,496,1289.15,GrafoMaloEmiHeurEmi
499,498,4.43389,GrafoMaloEmiHeurNipo
499,496,1295.82,GrafoMaloEmiHeurEmi
499,498,4.4254,GrafoMaloEmiHeurNipo
499,496,1290.46,GrafoMaloEmiHeurEmi
499,498,4.47135,GrafoMaloEmiHeurNipo
499,496,1294.5,GrafoMaloEmiHeurEmi
499,498,4.59851,GrafoMaloEmiHeurNipo
499,496,1290.94,GrafoMaloEmiHeurEmi
499,498,4.41809,GrafoMaloEmiHeurNipo
499,496,1288.32,GrafoMaloEmiHeurEmi
499,498,4.43,GrafoMaloEmiHeurNipo
499,496,1289.21,GrafoMaloEmiHeurEmi
499,498,4.41977,GrafoMaloEmiHeurNipo
499,496,1289.89,GrafoMaloEmiHeurEmi
499,498,4.42641,GrafoMaloEmiHeurNipo
499,496,1288.5,GrafoMaloEmiHeurEmi
499,498,4.74509,GrafoMaloEmiHeurNipo
499,496,1289.59,GrafoMaloEmiHeurEmi
499,498,4.426,GrafoMaloEmiHeurNipo
499,496,1288.76,GrafoMaloEmiHeurEmi
499,498,4.43469,GrafoMaloEmiHeurNipo
499,496,1289.7,GrafoMaloEmiHeurEmi
499,498,4.466,GrafoMaloEmiHeurNipo
499,496,1288.96,GrafoMaloEmiHeurEmi
500,499,4.44299,GrafoMaloEmiHeurNipo
500,497,1392.11,GrafoMaloEmiHeurEmi
500,499,6.10128,GrafoMaloEmiHeurNipo
500,497,1324.69,GrafoMaloEmiHeurEmi
500,499,4.47736,GrafoMaloEmiHeurNipo
500,497,1296.85,GrafoMaloEmiHeurEmi
500,499,4.49248,GrafoMaloEmiHeurNipo
500,497,1296.6,GrafoMaloEmiHeurEmi
500,499,4.46096,GrafoMaloEmiHeurNipo
500,497,1297.1,GrafoMaloEmiHeurEmi
500,499,4.48868,GrafoMaloEmiHeurNipo
500,497,1296.74,GrafoMaloEmiHeurEmi
500,499,4.44178,GrafoMaloEmiHeurNipo
500,497,1296.59,GrafoMaloEmiHeurEmi
500,499,4.51703,GrafoMaloEmiHeurNipo
500,497,1297.87,GrafoMaloEmiHeurEmi
500,499,4.48755,GrafoMaloEmiHeurNipo
500,497,1297.67,GrafoMaloEmiHeurEmi
500,499,4.44861,GrafoMaloEmiHeurNipo
500,497,1296.82,GrafoMaloEmiHeurEmi
500,499,4.45397,GrafoMaloEmiHeurNipo
500,497,1302.61,GrafoMaloEmiHeurEmi
500,499,4.57908,GrafoMaloEmiHeurNipo
500,497,1296.74,GrafoMaloEmiHeurEmi
500,499,4.44182,GrafoMaloEmiHeurNipo
500,497,1296.4,GrafoMaloEmiHeurEmi
500,499,4.44846,GrafoMaloEmiHeurNipo
500,497,1296.12,GrafoMaloEmiHeurEmi
500,499,4.44391,GrafoMaloEmiHeurNipo
500,497,1297.13,GrafoMaloEmiHeurEmi
500,499,4.54714,GrafoMaloEmiHeurNipo
500,497,1296.67,GrafoMaloEmiHeurEmi
500,499,4.51356,GrafoMaloEmiHeurNipo
500,497,1296.34,GrafoMaloEmiHeurEmi
500,499,4.45491,GrafoMaloEmiHeurNipo
500,497,1296.56,GrafoMaloEmiHeurEmi
500,499,4.4387,GrafoMaloEmiHeurNipo
500,497,1296.44,GrafoMaloEmiHeurEmi
500,499,4.44644,GrafoMaloEmiHeurNipo
500,497,1422.52,GrafoMaloEmiHeurEmi
500,499,4.43739,GrafoMaloEmiHeurNipo
500,497,1296.82,GrafoMaloEmiHeurEmi
500,499,4.44979,GrafoMaloEmiHeurNipo
500,497,1296.53,GrafoMaloEmiHeurEmi
500,499,4.45791,GrafoMaloEmiHeurNipo
500,497,1296.27,GrafoMaloEmiHeurEmi
500,499,4.4508,GrafoMaloEmiHeurNipo
500,497,1296.57,GrafoMaloEmiHeurEmi
500,499,4.45118,GrafoMaloEmiHeurNipo
500,497,1297.43,GrafoMaloEmiHeurEmi
